school,metric,fraction_removed,k,top_at_k,precision_at_k,recall_at_k
Caltech36,CommonNeighbors,0.05,50,0.5,0.5,0.030012004801920768
Caltech36,CommonNeighbors,0.05,100,0.44,0.44,0.05282112845138055
Caltech36,CommonNeighbors,0.05,150,0.35333333333333333,0.35333333333333333,0.06362545018007203
Caltech36,CommonNeighbors,0.05,200,0.325,0.325,0.07803121248499399
Caltech36,CommonNeighbors,0.05,250,0.292,0.292,0.08763505402160865
Caltech36,CommonNeighbors,0.05,300,0.26,0.26,0.0936374549819928
Caltech36,CommonNeighbors,0.05,350,0.24857142857142858,0.24857142857142858,0.10444177671068428
Caltech36,CommonNeighbors,0.05,400,0.2475,0.2475,0.11884753901560624
Caltech36,CommonNeighbors,0.1,50,0.62,0.62,0.018618618618618618
Caltech36,CommonNeighbors,0.1,100,0.55,0.55,0.03303303303303303
Caltech36,CommonNeighbors,0.1,150,0.5,0.5,0.04504504504504504
Caltech36,CommonNeighbors,0.1,200,0.47,0.47,0.05645645645645646
Caltech36,CommonNeighbors,0.1,250,0.444,0.444,0.06666666666666667
Caltech36,CommonNeighbors,0.1,300,0.45,0.45,0.08108108108108109
Caltech36,CommonNeighbors,0.1,350,0.43714285714285717,0.43714285714285717,0.0918918918918919
Caltech36,CommonNeighbors,0.1,400,0.4375,0.4375,0.10510510510510511
Caltech36,CommonNeighbors,0.15,50,0.76,0.76,0.01521216973578863
Caltech36,CommonNeighbors,0.15,100,0.67,0.67,0.026821457165732587
Caltech36,CommonNeighbors,0.15,150,0.62,0.62,0.03722978382706165
Caltech36,CommonNeighbors,0.15,200,0.575,0.575,0.04603682946357086
Caltech36,CommonNeighbors,0.15,250,0.564,0.564,0.05644515612489992
Caltech36,CommonNeighbors,0.15,300,0.56,0.56,0.06725380304243395
Caltech36,CommonNeighbors,0.15,350,0.5314285714285715,0.5314285714285715,0.0744595676541233
Caltech36,CommonNeighbors,0.15,400,0.505,0.505,0.08086469175340272
Caltech36,CommonNeighbors,0.2,50,0.78,0.78,0.011711711711711712
Caltech36,CommonNeighbors,0.2,100,0.72,0.72,0.021621621621621623
Caltech36,CommonNeighbors,0.2,150,0.74,0.74,0.03333333333333333
Caltech36,CommonNeighbors,0.2,200,0.7,0.7,0.042042042042042045
Caltech36,CommonNeighbors,0.2,250,0.684,0.684,0.051351351351351354
Caltech36,CommonNeighbors,0.2,300,0.6666666666666666,0.6666666666666666,0.06006006006006006
Caltech36,CommonNeighbors,0.2,350,0.6428571428571429,0.6428571428571429,0.06756756756756757
Caltech36,CommonNeighbors,0.2,400,0.615,0.615,0.07387387387387387
Caltech36,Jaccard,0.05,50,0.32,0.32,0.01920768307322929
Caltech36,Jaccard,0.05,100,0.28,0.28,0.03361344537815126
Caltech36,Jaccard,0.05,150,0.26666666666666666,0.26666666666666666,0.04801920768307323
Caltech36,Jaccard,0.05,200,0.275,0.275,0.06602641056422569
Caltech36,Jaccard,0.05,250,0.24,0.24,0.07202881152460984
Caltech36,Jaccard,0.05,300,0.23333333333333334,0.23333333333333334,0.08403361344537816
Caltech36,Jaccard,0.05,350,0.21428571428571427,0.21428571428571427,0.09003601440576231
Caltech36,Jaccard,0.05,400,0.2175,0.2175,0.10444177671068428
Caltech36,Jaccard,0.1,50,0.38,0.38,0.011411411411411412
Caltech36,Jaccard,0.1,100,0.35,0.35,0.021021021021021023
Caltech36,Jaccard,0.1,150,0.3933333333333333,0.3933333333333333,0.03543543543543543
Caltech36,Jaccard,0.1,200,0.355,0.355,0.04264264264264264
Caltech36,Jaccard,0.1,250,0.364,0.364,0.054654654654654654
Caltech36,Jaccard,0.1,300,0.37,0.37,0.06666666666666667
Caltech36,Jaccard,0.1,350,0.3628571428571429,0.3628571428571429,0.07627627627627627
Caltech36,Jaccard,0.1,400,0.345,0.345,0.08288288288288288
Caltech36,Jaccard,0.15,50,0.42,0.42,0.008406725380304243
Caltech36,Jaccard,0.15,100,0.5,0.5,0.020016012810248198
Caltech36,Jaccard,0.15,150,0.49333333333333335,0.49333333333333335,0.029623698959167333
Caltech36,Jaccard,0.15,200,0.49,0.49,0.03923138510808647
Caltech36,Jaccard,0.15,250,0.492,0.492,0.04923939151321057
Caltech36,Jaccard,0.15,300,0.47333333333333333,0.47333333333333333,0.05684547638110488
Caltech36,Jaccard,0.15,350,0.4657142857142857,0.4657142857142857,0.06525220176140913
Caltech36,Jaccard,0.15,400,0.445,0.445,0.07125700560448359
Caltech36,Jaccard,0.2,50,0.4,0.4,0.006006006006006006
Caltech36,Jaccard,0.2,100,0.56,0.56,0.016816816816816817
Caltech36,Jaccard,0.2,150,0.5266666666666666,0.5266666666666666,0.023723723723723725
Caltech36,Jaccard,0.2,200,0.5,0.5,0.03003003003003003
Caltech36,Jaccard,0.2,250,0.492,0.492,0.036936936936936934
Caltech36,Jaccard,0.2,300,0.49333333333333335,0.49333333333333335,0.044444444444444446
Caltech36,Jaccard,0.2,350,0.49142857142857144,0.49142857142857144,0.05165165165165165
Caltech36,Jaccard,0.2,400,0.5025,0.5025,0.06036036036036036
Caltech36,AdamicAdar,0.05,50,0.5,0.5,0.030012004801920768
Caltech36,AdamicAdar,0.05,100,0.44,0.44,0.05282112845138055
Caltech36,AdamicAdar,0.05,150,0.4,0.4,0.07202881152460984
Caltech36,AdamicAdar,0.05,200,0.355,0.355,0.08523409363745499
Caltech36,AdamicAdar,0.05,250,0.296,0.296,0.08883553421368548
Caltech36,AdamicAdar,0.05,300,0.27666666666666667,0.27666666666666667,0.09963985594237695
Caltech36,AdamicAdar,0.05,350,0.2542857142857143,0.2542857142857143,0.10684273709483794
Caltech36,AdamicAdar,0.05,400,0.25,0.25,0.12004801920768307
Caltech36,AdamicAdar,0.1,50,0.62,0.62,0.018618618618618618
Caltech36,AdamicAdar,0.1,100,0.54,0.54,0.032432432432432434
Caltech36,AdamicAdar,0.1,150,0.5,0.5,0.04504504504504504
Caltech36,AdamicAdar,0.1,200,0.505,0.505,0.06066066066066066
Caltech36,AdamicAdar,0.1,250,0.484,0.484,0.07267267267267268
Caltech36,AdamicAdar,0.1,300,0.4766666666666667,0.4766666666666667,0.08588588588588589
Caltech36,AdamicAdar,0.1,350,0.44571428571428573,0.44571428571428573,0.0936936936936937
Caltech36,AdamicAdar,0.1,400,0.445,0.445,0.1069069069069069
Caltech36,AdamicAdar,0.15,50,0.76,0.76,0.01521216973578863
Caltech36,AdamicAdar,0.15,100,0.65,0.65,0.02602081665332266
Caltech36,AdamicAdar,0.15,150,0.6266666666666667,0.6266666666666667,0.03763010408326661
Caltech36,AdamicAdar,0.15,200,0.59,0.59,0.04723779023218575
Caltech36,AdamicAdar,0.15,250,0.568,0.568,0.05684547638110488
Caltech36,AdamicAdar,0.15,300,0.55,0.55,0.06605284227381905
Caltech36,AdamicAdar,0.15,350,0.5457142857142857,0.5457142857142857,0.07646116893514812
Caltech36,AdamicAdar,0.15,400,0.52,0.52,0.08326661329063251
Caltech36,AdamicAdar,0.2,50,0.8,0.8,0.012012012012012012
Caltech36,AdamicAdar,0.2,100,0.72,0.72,0.021621621621621623
Caltech36,AdamicAdar,0.2,150,0.7333333333333333,0.7333333333333333,0.03303303303303303
Caltech36,AdamicAdar,0.2,200,0.725,0.725,0.04354354354354354
Caltech36,AdamicAdar,0.2,250,0.704,0.704,0.05285285285285285
Caltech36,AdamicAdar,0.2,300,0.69,0.69,0.062162162162162166
Caltech36,AdamicAdar,0.2,350,0.6514285714285715,0.6514285714285715,0.06846846846846846
Caltech36,AdamicAdar,0.2,400,0.6375,0.6375,0.07657657657657657
Reed98,CommonNeighbors,0.05,50,0.26,0.26,0.01381509032943677
Reed98,CommonNeighbors,0.05,100,0.2,0.2,0.021253985122210415
Reed98,CommonNeighbors,0.05,150,0.17333333333333334,0.17333333333333334,0.02763018065887354
Reed98,CommonNeighbors,0.05,200,0.155,0.155,0.03294367693942614
Reed98,CommonNeighbors,0.05,250,0.136,0.136,0.036131774707757705
Reed98,CommonNeighbors,0.05,300,0.14666666666666667,0.14666666666666667,0.04675876726886291
Reed98,CommonNeighbors,0.05,350,0.14285714285714285,0.14285714285714285,0.053134962805526036
Reed98,CommonNeighbors,0.05,400,0.13,0.13,0.05526036131774708
Reed98,CommonNeighbors,0.1,50,0.34,0.34,0.009037745879851143
Reed98,CommonNeighbors,0.1,100,0.39,0.39,0.02073365231259968
Reed98,CommonNeighbors,0.1,150,0.36,0.36,0.028708133971291867
Reed98,CommonNeighbors,0.1,200,0.31,0.31,0.0329611908559277
Reed98,CommonNeighbors,0.1,250,0.292,0.292,0.03880914407230197
Reed98,CommonNeighbors,0.1,300,0.27666666666666667,0.27666666666666667,0.044125465178096755
Reed98,CommonNeighbors,0.1,350,0.2742857142857143,0.2742857142857143,0.051036682615629984
Reed98,CommonNeighbors,0.1,400,0.2575,0.2575,0.05475810738968634
Reed98,CommonNeighbors,0.15,50,0.42,0.42,0.0074415308291991495
Reed98,CommonNeighbors,0.15,100,0.47,0.47,0.016654854712969524
Reed98,CommonNeighbors,0.15,150,0.4533333333333333,0.4533333333333333,0.024096385542168676
Reed98,CommonNeighbors,0.15,200,0.465,0.465,0.032955350815024806
Reed98,CommonNeighbors,0.15,250,0.432,0.432,0.03827072997873848
Reed98,CommonNeighbors,0.15,300,0.41,0.41,0.04358610914245216
Reed98,CommonNeighbors,0.15,350,0.40285714285714286,0.40285714285714286,0.049964564138908575
Reed98,CommonNeighbors,0.15,400,0.385,0.385,0.05457122608079376
Reed98,CommonNeighbors,0.2,50,0.48,0.48,0.006379585326953748
Reed98,CommonNeighbors,0.2,100,0.48,0.48,0.012759170653907496
Reed98,CommonNeighbors,0.2,150,0.46,0.46,0.018341307814992026
Reed98,CommonNeighbors,0.2,200,0.45,0.45,0.023923444976076555
Reed98,CommonNeighbors,0.2,250,0.464,0.464,0.03083466241360978
Reed98,CommonNeighbors,0.2,300,0.44333333333333336,0.44333333333333336,0.03535353535353535
Reed98,CommonNeighbors,0.2,350,0.43714285714285717,0.43714285714285717,0.04066985645933014
Reed98,CommonNeighbors,0.2,400,0.415,0.415,0.044125465178096755
Reed98,Jaccard,0.05,50,0.2,0.2,0.010626992561105207
Reed98,Jaccard,0.05,100,0.21,0.21,0.022316684378320937
Reed98,Jaccard,0.05,150,0.2733333333333333,0.2733333333333333,0.04357066950053135
Reed98,Jaccard,0.05,200,0.24,0.24,0.05100956429330499
Reed98,Jaccard,0.05,250,0.232,0.232,0.061636556854410204
Reed98,Jaccard,0.05,300,0.24666666666666667,0.24666666666666667,0.07863974495217853
Reed98,Jaccard,0.05,350,0.23714285714285716,0.23714285714285716,0.08820403825717323
Reed98,Jaccard,0.05,400,0.235,0.235,0.09989373007438895
Reed98,Jaccard,0.1,50,0.3,0.3,0.007974481658692184
Reed98,Jaccard,0.1,100,0.37,0.37,0.019670388091440724
Reed98,Jaccard,0.1,150,0.38,0.38,0.030303030303030304
Reed98,Jaccard,0.1,200,0.39,0.39,0.04146730462519936
Reed98,Jaccard,0.1,250,0.404,0.404,0.05369484316852738
Reed98,Jaccard,0.1,300,0.41,0.41,0.06539074960127592
Reed98,Jaccard,0.1,350,0.4057142857142857,0.4057142857142857,0.07549175970228601
Reed98,Jaccard,0.1,400,0.39,0.39,0.08293460925039872
Reed98,Jaccard,0.15,50,0.38,0.38,0.006732813607370659
Reed98,Jaccard,0.15,100,0.42,0.42,0.014883061658398299
Reed98,Jaccard,0.15,150,0.5,0.5,0.02657689581856839
Reed98,Jaccard,0.15,200,0.465,0.465,0.032955350815024806
Reed98,Jaccard,0.15,250,0.476,0.476,0.04216867469879518
Reed98,Jaccard,0.15,300,0.48,0.48,0.05102763997165131
Reed98,Jaccard,0.15,350,0.5057142857142857,0.5057142857142857,0.0627214741318214
Reed98,Jaccard,0.15,400,0.49,0.49,0.06945428773919206
Reed98,Jaccard,0.2,50,0.46,0.46,0.006113769271664009
Reed98,Jaccard,0.2,100,0.45,0.45,0.011961722488038277
Reed98,Jaccard,0.2,150,0.5066666666666667,0.5066666666666667,0.020202020202020204
Reed98,Jaccard,0.2,200,0.46,0.46,0.024455077086656035
Reed98,Jaccard,0.2,250,0.472,0.472,0.031366294524189264
Reed98,Jaccard,0.2,300,0.48,0.48,0.03827751196172249
Reed98,Jaccard,0.2,350,0.48857142857142855,0.48857142857142855,0.045454545454545456
Reed98,Jaccard,0.2,400,0.4975,0.4975,0.05289739500265816
Reed98,AdamicAdar,0.05,50,0.26,0.26,0.01381509032943677
Reed98,AdamicAdar,0.05,100,0.19,0.19,0.020191285866099893
Reed98,AdamicAdar,0.05,150,0.18666666666666668,0.18666666666666668,0.02975557917109458
Reed98,AdamicAdar,0.05,200,0.17,0.17,0.036131774707757705
Reed98,AdamicAdar,0.05,250,0.156,0.156,0.04144527098831031
Reed98,AdamicAdar,0.05,300,0.15666666666666668,0.15666666666666668,0.04994686503719448
Reed98,AdamicAdar,0.05,350,0.14857142857142858,0.14857142857142858,0.05526036131774708
Reed98,AdamicAdar,0.05,400,0.135,0.135,0.057385759829968117
Reed98,AdamicAdar,0.1,50,0.4,0.4,0.01063264221158958
Reed98,AdamicAdar,0.1,100,0.42,0.42,0.022328548644338118
Reed98,AdamicAdar,0.1,150,0.36666666666666664,0.36666666666666664,0.029239766081871343
Reed98,AdamicAdar,0.1,200,0.33,0.33,0.03508771929824561
Reed98,AdamicAdar,0.1,250,0.292,0.292,0.03880914407230197
Reed98,AdamicAdar,0.1,300,0.2866666666666667,0.2866666666666667,0.045720361509835196
Reed98,AdamicAdar,0.1,350,0.27714285714285714,0.27714285714285714,0.051568314726209465
Reed98,AdamicAdar,0.1,400,0.275,0.275,0.05847953216374269
Reed98,AdamicAdar,0.15,50,0.44,0.44,0.007795889440113395
Reed98,AdamicAdar,0.15,100,0.45,0.45,0.015946137491141033
Reed98,AdamicAdar,0.15,150,0.4666666666666667,0.4666666666666667,0.024805102763997167
Reed98,AdamicAdar,0.15,200,0.475,0.475,0.0336640680368533
Reed98,AdamicAdar,0.15,250,0.464,0.464,0.041105598866052445
Reed98,AdamicAdar,0.15,300,0.43333333333333335,0.43333333333333335,0.04606661941885188
Reed98,AdamicAdar,0.15,350,0.4085714285714286,0.4085714285714286,0.050673281360737066
Reed98,AdamicAdar,0.15,400,0.3925,0.3925,0.0556343019135365
Reed98,AdamicAdar,0.2,50,0.5,0.5,0.006645401382243487
Reed98,AdamicAdar,0.2,100,0.51,0.51,0.013556618819776715
Reed98,AdamicAdar,0.2,150,0.4866666666666667,0.4866666666666667,0.019404572036150983
Reed98,AdamicAdar,0.2,200,0.47,0.47,0.024986709197235512
Reed98,AdamicAdar,0.2,250,0.464,0.464,0.03083466241360978
Reed98,AdamicAdar,0.2,300,0.45,0.45,0.03588516746411483
Reed98,AdamicAdar,0.2,350,0.4542857142857143,0.4542857142857143,0.04226475279106858
Reed98,AdamicAdar,0.2,400,0.4325,0.4325,0.045986177565124936
Simmons81,CommonNeighbors,0.05,50,0.38,0.38,0.011522134627046696
Simmons81,CommonNeighbors,0.05,100,0.3,0.3,0.018192844147968467
Simmons81,CommonNeighbors,0.05,150,0.26666666666666666,0.26666666666666666,0.02425712553062462
Simmons81,CommonNeighbors,0.05,200,0.235,0.235,0.02850212249848393
Simmons81,CommonNeighbors,0.05,250,0.22,0.22,0.03335354760460885
Simmons81,CommonNeighbors,0.05,300,0.21333333333333335,0.21333333333333335,0.038811400848999394
Simmons81,CommonNeighbors,0.05,350,0.18857142857142858,0.18857142857142858,0.04002425712553062
Simmons81,CommonNeighbors,0.05,400,0.1825,0.1825,0.044269254093389936
Simmons81,CommonNeighbors,0.1,50,0.7,0.7,0.010612492419648272
Simmons81,CommonNeighbors,0.1,100,0.62,0.62,0.01879927228623408
Simmons81,CommonNeighbors,0.1,150,0.5533333333333333,0.5533333333333333,0.025166767738023045
Simmons81,CommonNeighbors,0.1,200,0.535,0.535,0.03244390539721043
Simmons81,CommonNeighbors,0.1,250,0.476,0.476,0.03608247422680412
Simmons81,CommonNeighbors,0.1,300,0.45,0.45,0.04093389933292905
Simmons81,CommonNeighbors,0.1,350,0.42857142857142855,0.42857142857142855,0.04548211036992116
Simmons81,CommonNeighbors,0.1,400,0.4,0.4,0.04851425106124924
Simmons81,CommonNeighbors,0.15,50,0.78,0.78,0.00788197251414713
Simmons81,CommonNeighbors,0.15,100,0.76,0.76,0.015359741309620048
Simmons81,CommonNeighbors,0.15,150,0.7,0.7,0.02122069523039612
Simmons81,CommonNeighbors,0.15,200,0.645,0.645,0.026071139854486662
Simmons81,CommonNeighbors,0.15,250,0.632,0.632,0.03193209377526273
Simmons81,CommonNeighbors,0.15,300,0.6233333333333333,0.6233333333333333,0.037793047696038806
Simmons81,CommonNeighbors,0.15,350,0.5828571428571429,0.5828571428571429,0.041228779304769606
Simmons81,CommonNeighbors,0.15,400,0.56,0.56,0.04527081649151172
Simmons81,CommonNeighbors,0.2,50,0.86,0.86,0.006518114294376232
Simmons81,CommonNeighbors,0.2,100,0.81,0.81,0.01227830832196453
Simmons81,CommonNeighbors,0.2,150,0.6933333333333334,0.6933333333333334,0.015764741549189026
Simmons81,CommonNeighbors,0.2,200,0.68,0.68,0.020615431256631803
Simmons81,CommonNeighbors,0.2,250,0.636,0.636,0.0241018644838563
Simmons81,CommonNeighbors,0.2,300,0.63,0.63,0.0286493860845839
Simmons81,CommonNeighbors,0.2,350,0.6228571428571429,0.6228571428571429,0.03304532363195392
Simmons81,CommonNeighbors,0.2,400,0.615,0.615,0.03728967712596635
Simmons81,Jaccard,0.05,50,0.06,0.06,0.0018192844147968466
Simmons81,Jaccard,0.05,100,0.1,0.1,0.006064281382656155
Simmons81,Jaccard,0.05,150,0.08666666666666667,0.08666666666666667,0.007883565797453002
Simmons81,Jaccard,0.05,200,0.085,0.085,0.010309278350515464
Simmons81,Jaccard,0.05,250,0.1,0.1,0.015160703456640388
Simmons81,Jaccard,0.05,300,0.10666666666666667,0.10666666666666667,0.019405700424499697
Simmons81,Jaccard,0.05,350,0.10285714285714286,0.10285714285714286,0.021831412977562158
Simmons81,Jaccard,0.05,400,0.0925,0.0925,0.022437841115827774
Simmons81,Jaccard,0.1,50,0.28,0.28,0.004244996967859308
Simmons81,Jaccard,0.1,100,0.25,0.25,0.007580351728320194
Simmons81,Jaccard,0.1,150,0.21333333333333335,0.21333333333333335,0.009702850212249849
Simmons81,Jaccard,0.1,200,0.22,0.22,0.013341419041843541
Simmons81,Jaccard,0.1,250,0.2,0.2,0.015160703456640388
Simmons81,Jaccard,0.1,300,0.19666666666666666,0.19666666666666666,0.017889630078835657
Simmons81,Jaccard,0.1,350,0.2,0.2,0.021224984839296544
Simmons81,Jaccard,0.1,400,0.195,0.195,0.023650697392359005
Simmons81,Jaccard,0.15,50,0.4,0.4,0.004042037186742118
Simmons81,Jaccard,0.15,100,0.33,0.33,0.006669361358124495
Simmons81,Jaccard,0.15,150,0.34,0.34,0.010307194826192401
Simmons81,Jaccard,0.15,200,0.31,0.31,0.012530315278900566
Simmons81,Jaccard,0.15,250,0.3,0.3,0.015157639450282943
Simmons81,Jaccard,0.15,300,0.27666666666666667,0.27666666666666667,0.01677445432497979
Simmons81,Jaccard,0.15,350,0.29428571428571426,0.29428571428571426,0.020816491511721907
Simmons81,Jaccard,0.15,400,0.295,0.295,0.023848019401778497
Simmons81,Jaccard,0.2,50,0.34,0.34,0.0025769289070789753
Simmons81,Jaccard,0.2,100,0.33,0.33,0.0050022737608003635
Simmons81,Jaccard,0.2,150,0.36,0.36,0.008185538881309686
Simmons81,Jaccard,0.2,200,0.33,0.33,0.010004547521600727
Simmons81,Jaccard,0.2,250,0.32,0.32,0.012126724268606942
Simmons81,Jaccard,0.2,300,0.30666666666666664,0.30666666666666664,0.013945732908897984
Simmons81,Jaccard,0.2,350,0.29714285714285715,0.29714285714285715,0.015764741549189026
Simmons81,Jaccard,0.2,400,0.2875,0.2875,0.01743216613612248
Simmons81,AdamicAdar,0.05,50,0.4,0.4,0.01212856276531231
Simmons81,AdamicAdar,0.05,100,0.28,0.28,0.016979987871437233
Simmons81,AdamicAdar,0.05,150,0.28,0.28,0.025469981807155852
Simmons81,AdamicAdar,0.05,200,0.265,0.265,0.03214069132807762
Simmons81,AdamicAdar,0.05,250,0.24,0.24,0.036385688295936934
Simmons81,AdamicAdar,0.05,300,0.21,0.21,0.03820497271073378
Simmons81,AdamicAdar,0.05,350,0.19428571428571428,0.19428571428571428,0.041237113402061855
Simmons81,AdamicAdar,0.05,400,0.1875,0.1875,0.04548211036992116
Simmons81,AdamicAdar,0.1,50,0.7,0.7,0.010612492419648272
Simmons81,AdamicAdar,0.1,100,0.63,0.63,0.01910248635536689
Simmons81,AdamicAdar,0.1,150,0.5733333333333334,0.5733333333333334,0.02607640994542147
Simmons81,AdamicAdar,0.1,200,0.53,0.53,0.03214069132807762
Simmons81,AdamicAdar,0.1,250,0.504,0.504,0.03820497271073378
Simmons81,AdamicAdar,0.1,300,0.4666666666666667,0.4666666666666667,0.04244996967859309
Simmons81,AdamicAdar,0.1,350,0.4228571428571429,0.4228571428571429,0.04487568223165555
Simmons81,AdamicAdar,0.1,400,0.41,0.41,0.04972710733778047
Simmons81,AdamicAdar,0.15,50,0.78,0.78,0.00788197251414713
Simmons81,AdamicAdar,0.15,100,0.76,0.76,0.015359741309620048
Simmons81,AdamicAdar,0.15,150,0.7066666666666667,0.7066666666666667,0.021422797089733225
Simmons81,AdamicAdar,0.15,200,0.64,0.64,0.025869037995149554
Simmons81,AdamicAdar,0.15,250,0.664,0.664,0.03354890864995958
Simmons81,AdamicAdar,0.15,300,0.6333333333333333,0.6333333333333333,0.03839935327405012
Simmons81,AdamicAdar,0.15,350,0.6085714285714285,0.6085714285714285,0.043047696038803554
Simmons81,AdamicAdar,0.15,400,0.58,0.58,0.04688763136620857
Simmons81,AdamicAdar,0.2,50,0.86,0.86,0.006518114294376232
Simmons81,AdamicAdar,0.2,100,0.8,0.8,0.012126724268606942
Simmons81,AdamicAdar,0.2,150,0.7,0.7,0.015916325602546612
Simmons81,AdamicAdar,0.2,200,0.685,0.685,0.020767015309989388
Simmons81,AdamicAdar,0.2,250,0.644,0.644,0.02440503259057147
Simmons81,AdamicAdar,0.2,300,0.63,0.63,0.0286493860845839
Simmons81,AdamicAdar,0.2,350,0.6314285714285715,0.6314285714285715,0.03350007579202668
Simmons81,AdamicAdar,0.2,400,0.635,0.635,0.03850234955282704
Haverford76,CommonNeighbors,0.05,50,0.46,0.46,0.007720711648204095
Haverford76,CommonNeighbors,0.05,100,0.35,0.35,0.011748909029875798
Haverford76,CommonNeighbors,0.05,150,0.3333333333333333,0.3333333333333333,0.016784155756965426
Haverford76,CommonNeighbors,0.05,200,0.32,0.32,0.021483719368915744
Haverford76,CommonNeighbors,0.05,250,0.304,0.304,0.025511916750587445
Haverford76,CommonNeighbors,0.05,300,0.2833333333333333,0.2833333333333333,0.02853306478684122
Haverford76,CommonNeighbors,0.05,350,0.28285714285714286,0.28285714285714286,0.03323262839879154
Haverford76,CommonNeighbors,0.05,400,0.26,0.26,0.03491104397448808
Haverford76,CommonNeighbors,0.1,50,0.72,0.72,0.006041282094311126
Haverford76,CommonNeighbors,0.1,100,0.61,0.61,0.010236616882027186
Haverford76,CommonNeighbors,0.1,150,0.58,0.58,0.014599765061251888
Haverford76,CommonNeighbors,0.1,200,0.53,0.53,0.017788219499916092
Haverford76,CommonNeighbors,0.1,250,0.488,0.488,0.020473233764054372
Haverford76,CommonNeighbors,0.1,300,0.45,0.45,0.022654807853666723
Haverford76,CommonNeighbors,0.1,350,0.42857142857142855,0.42857142857142855,0.02517200872629636
Haverford76,CommonNeighbors,0.1,400,0.43,0.43,0.02886390333948649
Haverford76,CommonNeighbors,0.15,50,0.76,0.76,0.004251510405012307
Haverford76,CommonNeighbors,0.15,100,0.72,0.72,0.008055493398970687
Haverford76,CommonNeighbors,0.15,150,0.7133333333333334,0.7133333333333334,0.01197135824569255
Haverford76,CommonNeighbors,0.15,200,0.675,0.675,0.015104050123070038
Haverford76,CommonNeighbors,0.15,250,0.66,0.66,0.01846050570597449
Haverford76,CommonNeighbors,0.15,300,0.6333333333333333,0.6333333333333333,0.021257552025061535
Haverford76,CommonNeighbors,0.15,350,0.5942857142857143,0.5942857142857143,0.023271425374804207
Haverford76,CommonNeighbors,0.15,400,0.575,0.575,0.025732826135600805
Haverford76,CommonNeighbors,0.2,50,0.8,0.8,0.0033562678301728476
Haverford76,CommonNeighbors,0.2,100,0.77,0.77,0.006460815573082732
Haverford76,CommonNeighbors,0.2,150,0.7,0.7,0.008810203054203726
Haverford76,CommonNeighbors,0.2,200,0.685,0.685,0.011495217318342004
Haverford76,CommonNeighbors,0.2,250,0.64,0.64,0.01342507132069139
Haverford76,CommonNeighbors,0.2,300,0.6066666666666667,0.6066666666666667,0.015271018627286458
Haverford76,CommonNeighbors,0.2,350,0.6114285714285714,0.6114285714285714,0.017956032891424736
Haverford76,CommonNeighbors,0.2,400,0.5875,0.5875,0.019718073502265482
Haverford76,Jaccard,0.05,50,0.46,0.46,0.007720711648204095
Haverford76,Jaccard,0.05,100,0.38,0.38,0.012755958375293723
Haverford76,Jaccard,0.05,150,0.3333333333333333,0.3333333333333333,0.016784155756965426
Haverford76,Jaccard,0.05,200,0.325,0.325,0.02181940248405505
Haverford76,Jaccard,0.05,250,0.332,0.332,0.027861698556562606
Haverford76,Jaccard,0.05,300,0.30333333333333334,0.30333333333333334,0.030547163477677074
Haverford76,Jaccard,0.05,350,0.2885714285714286,0.2885714285714286,0.03390399462907016
Haverford76,Jaccard,0.05,400,0.2875,0.2875,0.03860355824102048
Haverford76,Jaccard,0.1,50,0.52,0.52,0.004363148179224702
Haverford76,Jaccard,0.1,100,0.5,0.5,0.00839066957543212
Haverford76,Jaccard,0.1,150,0.48,0.48,0.012082564188622252
Haverford76,Jaccard,0.1,200,0.46,0.46,0.0154388320187951
Haverford76,Jaccard,0.1,250,0.452,0.452,0.01896291324047659
Haverford76,Jaccard,0.1,300,0.43666666666666665,0.43666666666666665,0.021983554287632153
Haverford76,Jaccard,0.1,350,0.4228571428571429,0.4228571428571429,0.024836381943279074
Haverford76,Jaccard,0.1,400,0.43,0.43,0.02886390333948649
Haverford76,Jaccard,0.15,50,0.7,0.7,0.003915864846721862
Haverford76,Jaccard,0.15,100,0.65,0.65,0.007272320429626314
Haverford76,Jaccard,0.15,150,0.6266666666666667,0.6266666666666667,0.010516894159767285
Haverford76,Jaccard,0.15,200,0.605,0.605,0.013537704184381293
Haverford76,Jaccard,0.15,250,0.592,0.592,0.0165585142089953
Haverford76,Jaccard,0.15,300,0.5633333333333334,0.5633333333333334,0.01890803311702842
Haverford76,Jaccard,0.15,350,0.5457142857142857,0.5457142857142857,0.021369433877825018
Haverford76,Jaccard,0.15,400,0.5375,0.5375,0.024054598344148578
Haverford76,Jaccard,0.2,50,0.7,0.7,0.0029367343514012417
Haverford76,Jaccard,0.2,100,0.69,0.69,0.005789562007048162
Haverford76,Jaccard,0.2,150,0.6733333333333333,0.6733333333333333,0.00847457627118644
Haverford76,Jaccard,0.2,200,0.635,0.635,0.010656150360798792
Haverford76,Jaccard,0.2,250,0.636,0.636,0.01334116462493707
Haverford76,Jaccard,0.2,300,0.6166666666666667,0.6166666666666667,0.01552273871454942
Haverford76,Jaccard,0.2,350,0.5971428571428572,0.5971428571428572,0.01753649941265313
Haverford76,Jaccard,0.2,400,0.595,0.595,0.019969793589528443
Haverford76,AdamicAdar,0.05,50,0.54,0.54,0.00906344410876133
Haverford76,AdamicAdar,0.05,100,0.42,0.42,0.014098690835850957
Haverford76,AdamicAdar,0.05,150,0.36,0.36,0.01812688821752266
Haverford76,AdamicAdar,0.05,200,0.35,0.35,0.023497818059751596
Haverford76,AdamicAdar,0.05,250,0.328,0.328,0.027526015441423298
Haverford76,AdamicAdar,0.05,300,0.31,0.31,0.03121852970795569
Haverford76,AdamicAdar,0.05,350,0.2914285714285714,0.2914285714285714,0.03423967774420947
Haverford76,AdamicAdar,0.05,400,0.2825,0.2825,0.03793219201074186
Haverford76,AdamicAdar,0.1,50,0.72,0.72,0.006041282094311126
Haverford76,AdamicAdar,0.1,100,0.65,0.65,0.010907870448061756
Haverford76,AdamicAdar,0.1,150,0.6066666666666667,0.6066666666666667,0.015271018627286458
Haverford76,AdamicAdar,0.1,200,0.57,0.57,0.019130726631985232
Haverford76,AdamicAdar,0.1,250,0.52,0.52,0.021815740896123512
Haverford76,AdamicAdar,0.1,300,0.49333333333333335,0.49333333333333335,0.024836381943279074
Haverford76,AdamicAdar,0.1,350,0.46,0.46,0.027017956032891425
Haverford76,AdamicAdar,0.1,400,0.445,0.445,0.029870783688538346
Haverford76,AdamicAdar,0.15,50,0.78,0.78,0.004363392257775788
Haverford76,AdamicAdar,0.15,100,0.74,0.74,0.00827925710449765
Haverford76,AdamicAdar,0.15,150,0.7133333333333334,0.7133333333333334,0.01197135824569255
Haverford76,AdamicAdar,0.15,200,0.7,0.7,0.015663459386887447
Haverford76,AdamicAdar,0.15,250,0.684,0.684,0.01913179682255538
Haverford76,AdamicAdar,0.15,300,0.6733333333333333,0.6733333333333333,0.022600134258223315
Haverford76,AdamicAdar,0.15,350,0.6371428571428571,0.6371428571428571,0.024949653166256434
Haverford76,AdamicAdar,0.15,400,0.615,0.615,0.027522935779816515
Haverford76,AdamicAdar,0.2,50,0.84,0.84,0.00352408122168149
Haverford76,AdamicAdar,0.2,100,0.79,0.79,0.006628628964591375
Haverford76,AdamicAdar,0.2,150,0.7266666666666667,0.7266666666666667,0.00914582983722101
Haverford76,AdamicAdar,0.2,200,0.71,0.71,0.01191475079711361
Haverford76,AdamicAdar,0.2,250,0.664,0.664,0.013928511495217318
Haverford76,AdamicAdar,0.2,300,0.6333333333333333,0.6333333333333333,0.015942272193321026
Haverford76,AdamicAdar,0.2,350,0.62,0.62,0.0182077529786877
Haverford76,AdamicAdar,0.2,400,0.615,0.615,0.020641047155563013
Swarthmore42,CommonNeighbors,0.05,50,0.4,0.4,0.00655307994757536
Swarthmore42,CommonNeighbors,0.05,100,0.36,0.36,0.011795543905635648
Swarthmore42,CommonNeighbors,0.05,150,0.30666666666666664,0.30666666666666664,0.01507208387942333
Swarthmore42,CommonNeighbors,0.05,200,0.3,0.3,0.019659239842726082
Swarthmore42,CommonNeighbors,0.05,250,0.288,0.288,0.023591087811271297
Swarthmore42,CommonNeighbors,0.05,300,0.26666666666666666,0.26666666666666666,0.02621231979030144
Swarthmore42,CommonNeighbors,0.05,350,0.24857142857142858,0.24857142857142858,0.028505897771952816
Swarthmore42,CommonNeighbors,0.05,400,0.2375,0.2375,0.031127129750982963
Swarthmore42,CommonNeighbors,0.1,50,0.52,0.52,0.004258804258804259
Swarthmore42,CommonNeighbors,0.1,100,0.51,0.51,0.008353808353808353
Swarthmore42,CommonNeighbors,0.1,150,0.5,0.5,0.012285012285012284
Swarthmore42,CommonNeighbors,0.1,200,0.45,0.45,0.014742014742014743
Swarthmore42,CommonNeighbors,0.1,250,0.424,0.424,0.017362817362817362
Swarthmore42,CommonNeighbors,0.1,300,0.42333333333333334,0.42333333333333334,0.020802620802620804
Swarthmore42,CommonNeighbors,0.1,350,0.4085714285714286,0.4085714285714286,0.023423423423423424
Swarthmore42,CommonNeighbors,0.1,400,0.4125,0.4125,0.02702702702702703
Swarthmore42,CommonNeighbors,0.15,50,0.66,0.66,0.003603800371300644
Swarthmore42,CommonNeighbors,0.15,100,0.68,0.68,0.0074260128863164795
Swarthmore42,CommonNeighbors,0.15,150,0.6333333333333333,0.6333333333333333,0.010374576826471553
Swarthmore42,CommonNeighbors,0.15,200,0.59,0.59,0.012886316479196244
Swarthmore42,CommonNeighbors,0.15,250,0.556,0.556,0.015179643988205744
Swarthmore42,CommonNeighbors,0.15,300,0.54,0.54,0.017691383640930435
Swarthmore42,CommonNeighbors,0.15,350,0.5371428571428571,0.5371428571428571,0.02053074150922791
Swarthmore42,CommonNeighbors,0.15,400,0.5275,0.5275,0.023042481161952604
Swarthmore42,CommonNeighbors,0.2,50,0.78,0.78,0.0031941031941031942
Swarthmore42,CommonNeighbors,0.2,100,0.72,0.72,0.005896805896805897
Swarthmore42,CommonNeighbors,0.2,150,0.66,0.66,0.008108108108108109
Swarthmore42,CommonNeighbors,0.2,200,0.655,0.655,0.010728910728910728
Swarthmore42,CommonNeighbors,0.2,250,0.648,0.648,0.013267813267813268
Swarthmore42,CommonNeighbors,0.2,300,0.63,0.63,0.01547911547911548
Swarthmore42,CommonNeighbors,0.2,350,0.6228571428571429,0.6228571428571429,0.017854217854217855
Swarthmore42,CommonNeighbors,0.2,400,0.595,0.595,0.019492219492219492
Swarthmore42,Jaccard,0.05,50,0.48,0.48,0.007863695937090432
Swarthmore42,Jaccard,0.05,100,0.48,0.48,0.015727391874180863
Swarthmore42,Jaccard,0.05,150,0.46,0.46,0.022608125819134992
Swarthmore42,Jaccard,0.05,200,0.465,0.465,0.030471821756225426
Swarthmore42,Jaccard,0.05,250,0.448,0.448,0.03669724770642202
Swarthmore42,Jaccard,0.05,300,0.43,0.43,0.042267365661861074
Swarthmore42,Jaccard,0.05,350,0.43714285714285717,0.43714285714285717,0.050131061598951504
Swarthmore42,Jaccard,0.05,400,0.415,0.415,0.05439056356487549
Swarthmore42,Jaccard,0.1,50,0.68,0.68,0.005569205569205569
Swarthmore42,Jaccard,0.1,100,0.71,0.71,0.01162981162981163
Swarthmore42,Jaccard,0.1,150,0.68,0.68,0.016707616707616706
Swarthmore42,Jaccard,0.1,200,0.675,0.675,0.022113022113022112
Swarthmore42,Jaccard,0.1,250,0.62,0.62,0.025389025389025387
Swarthmore42,Jaccard,0.1,300,0.6033333333333334,0.6033333333333334,0.029647829647829648
Swarthmore42,Jaccard,0.1,350,0.5942857142857143,0.5942857142857143,0.03407043407043407
Swarthmore42,Jaccard,0.1,400,0.5725,0.5725,0.03751023751023751
Swarthmore42,Jaccard,0.15,50,0.78,0.78,0.004259036802446216
Swarthmore42,Jaccard,0.15,100,0.79,0.79,0.008627279676750027
Swarthmore42,Jaccard,0.15,150,0.7466666666666667,0.7466666666666667,0.012231080048050671
Swarthmore42,Jaccard,0.15,200,0.725,0.725,0.015834880419351317
Swarthmore42,Jaccard,0.15,250,0.692,0.692,0.018892650431363983
Swarthmore42,Jaccard,0.15,300,0.6866666666666666,0.6866666666666666,0.022496450802664627
Swarthmore42,Jaccard,0.15,350,0.7028571428571428,0.7028571428571428,0.026864693676968438
Swarthmore42,Jaccard,0.15,400,0.685,0.685,0.029922463688981108
Swarthmore42,Jaccard,0.2,50,0.84,0.84,0.0034398034398034397
Swarthmore42,Jaccard,0.2,100,0.85,0.85,0.006961506961506962
Swarthmore42,Jaccard,0.2,150,0.82,0.82,0.010073710073710074
Swarthmore42,Jaccard,0.2,200,0.8,0.8,0.013104013104013105
Swarthmore42,Jaccard,0.2,250,0.772,0.772,0.015806715806715808
Swarthmore42,Jaccard,0.2,300,0.7533333333333333,0.7533333333333333,0.01850941850941851
Swarthmore42,Jaccard,0.2,350,0.7542857142857143,0.7542857142857143,0.021621621621621623
Swarthmore42,Jaccard,0.2,400,0.74,0.74,0.024242424242424242
Swarthmore42,AdamicAdar,0.05,50,0.42,0.42,0.006880733944954129
Swarthmore42,AdamicAdar,0.05,100,0.36,0.36,0.011795543905635648
Swarthmore42,AdamicAdar,0.05,150,0.31333333333333335,0.31333333333333335,0.015399737876802096
Swarthmore42,AdamicAdar,0.05,200,0.315,0.315,0.020642201834862386
Swarthmore42,AdamicAdar,0.05,250,0.304,0.304,0.02490170380078637
Swarthmore42,AdamicAdar,0.05,300,0.27666666666666667,0.27666666666666667,0.027195281782437745
Swarthmore42,AdamicAdar,0.05,350,0.26,0.26,0.02981651376146789
Swarthmore42,AdamicAdar,0.05,400,0.255,0.255,0.033420707732634336
Swarthmore42,AdamicAdar,0.1,50,0.54,0.54,0.004422604422604423
Swarthmore42,AdamicAdar,0.1,100,0.51,0.51,0.008353808353808353
Swarthmore42,AdamicAdar,0.1,150,0.5,0.5,0.012285012285012284
Swarthmore42,AdamicAdar,0.1,200,0.46,0.46,0.01506961506961507
Swarthmore42,AdamicAdar,0.1,250,0.444,0.444,0.01818181818181818
Swarthmore42,AdamicAdar,0.1,300,0.43333333333333335,0.43333333333333335,0.021294021294021293
Swarthmore42,AdamicAdar,0.1,350,0.43714285714285717,0.43714285714285717,0.02506142506142506
Swarthmore42,AdamicAdar,0.1,400,0.42,0.42,0.027518427518427518
Swarthmore42,AdamicAdar,0.15,50,0.66,0.66,0.003603800371300644
Swarthmore42,AdamicAdar,0.15,100,0.67,0.67,0.0073168068144588835
Swarthmore42,AdamicAdar,0.15,150,0.6466666666666666,0.6466666666666666,0.010592988970186743
Swarthmore42,AdamicAdar,0.15,200,0.605,0.605,0.013213934694769029
Swarthmore42,AdamicAdar,0.15,250,0.568,0.568,0.01550726220377853
Swarthmore42,AdamicAdar,0.15,300,0.5433333333333333,0.5433333333333333,0.017800589712788032
Swarthmore42,AdamicAdar,0.15,350,0.5257142857142857,0.5257142857142857,0.02009391722179753
Swarthmore42,AdamicAdar,0.15,400,0.525,0.525,0.02293327509009501
Swarthmore42,AdamicAdar,0.2,50,0.78,0.78,0.0031941031941031942
Swarthmore42,AdamicAdar,0.2,100,0.72,0.72,0.005896805896805897
Swarthmore42,AdamicAdar,0.2,150,0.6533333333333333,0.6533333333333333,0.008026208026208027
Swarthmore42,AdamicAdar,0.2,200,0.655,0.655,0.010728910728910728
Swarthmore42,AdamicAdar,0.2,250,0.66,0.66,0.013513513513513514
Swarthmore42,AdamicAdar,0.2,300,0.6433333333333333,0.6433333333333333,0.015806715806715808
Swarthmore42,AdamicAdar,0.2,350,0.6342857142857142,0.6342857142857142,0.01818181818181818
Swarthmore42,AdamicAdar,0.2,400,0.6025,0.6025,0.01973791973791974
Amherst41,CommonNeighbors,0.05,50,0.58,0.58,0.006376429199648197
Amherst41,CommonNeighbors,0.05,100,0.49,0.49,0.010773966578715918
Amherst41,CommonNeighbors,0.05,150,0.44666666666666666,0.44666666666666666,0.014731750219876869
Amherst41,CommonNeighbors,0.05,200,0.395,0.395,0.0173702726473175
Amherst41,CommonNeighbors,0.05,250,0.364,0.364,0.020008795074758137
Amherst41,CommonNeighbors,0.05,300,0.34,0.34,0.022427440633245383
Amherst41,CommonNeighbors,0.05,350,0.3514285714285714,0.3514285714285714,0.02704485488126649
Amherst41,CommonNeighbors,0.05,400,0.3275,0.3275,0.02880386983289358
Amherst41,CommonNeighbors,0.1,50,0.66,0.66,0.003628367234744365
Amherst41,CommonNeighbors,0.1,100,0.66,0.66,0.00725673446948873
Amherst41,CommonNeighbors,0.1,150,0.6266666666666667,0.6266666666666667,0.010335349092908192
Amherst41,CommonNeighbors,0.1,200,0.6,0.6,0.013194062671797692
Amherst41,CommonNeighbors,0.1,250,0.568,0.568,0.015612974161627267
Amherst41,CommonNeighbors,0.1,300,0.5566666666666666,0.5566666666666666,0.018361737218251788
Amherst41,CommonNeighbors,0.1,350,0.5257142857142857,0.5257142857142857,0.02023089609675646
Amherst41,CommonNeighbors,0.1,400,0.51,0.51,0.022429906542056073
Amherst41,CommonNeighbors,0.15,50,0.8,0.8,0.0029319064721835372
Amherst41,CommonNeighbors,0.15,100,0.75,0.75,0.005497324635344133
Amherst41,CommonNeighbors,0.15,150,0.72,0.72,0.00791614747489555
Amherst41,CommonNeighbors,0.15,200,0.685,0.685,0.010041779667228615
Amherst41,CommonNeighbors,0.15,250,0.66,0.66,0.012094114197757092
Amherst41,CommonNeighbors,0.15,300,0.6466666666666666,0.6466666666666666,0.014219746390090156
Amherst41,CommonNeighbors,0.15,350,0.6228571428571429,0.6228571428571429,0.015978890273400277
Amherst41,CommonNeighbors,0.15,400,0.6175,0.6175,0.018104522465733342
Amherst41,CommonNeighbors,0.2,50,0.82,0.82,0.0022538617997911055
Amherst41,CommonNeighbors,0.2,100,0.78,0.78,0.0042878346435050296
Amherst41,CommonNeighbors,0.2,150,0.7666666666666667,0.7666666666666667,0.006321807487218954
Amherst41,CommonNeighbors,0.2,200,0.755,0.755,0.008300808091913584
Amherst41,CommonNeighbors,0.2,250,0.748,0.748,0.010279808696608213
Amherst41,CommonNeighbors,0.2,300,0.7266666666666667,0.7266666666666667,0.011983948106206366
Amherst41,CommonNeighbors,0.2,350,0.7171428571428572,0.7171428571428572,0.013798031993843109
Amherst41,CommonNeighbors,0.2,400,0.69,0.69,0.01517233796932549
Amherst41,Jaccard,0.05,50,0.64,0.64,0.007036059806508356
Amherst41,Jaccard,0.05,100,0.56,0.56,0.012313104661389622
Amherst41,Jaccard,0.05,150,0.5133333333333333,0.5133333333333333,0.01693051890941073
Amherst41,Jaccard,0.05,200,0.505,0.505,0.022207563764291997
Amherst41,Jaccard,0.05,250,0.48,0.48,0.026385224274406333
Amherst41,Jaccard,0.05,300,0.4666666666666667,0.4666666666666667,0.030782761653474055
Amherst41,Jaccard,0.05,350,0.4514285714285714,0.4514285714285714,0.034740545294635
Amherst41,Jaccard,0.05,400,0.435,0.435,0.03825857519788918
Amherst41,Jaccard,0.1,50,0.62,0.62,0.0034084661902144034
Amherst41,Jaccard,0.1,100,0.65,0.65,0.007146783947223749
Amherst41,Jaccard,0.1,150,0.6733333333333333,0.6733333333333333,0.011105002748763056
Amherst41,Jaccard,0.1,200,0.655,0.655,0.01440351841671248
Amherst41,Jaccard,0.1,250,0.636,0.636,0.01748213304013194
Amherst41,Jaccard,0.1,300,0.6166666666666667,0.6166666666666667,0.02034084661902144
Amherst41,Jaccard,0.1,350,0.5971428571428572,0.5971428571428572,0.022979659153380978
Amherst41,Jaccard,0.1,400,0.59,0.59,0.025948323254535458
Amherst41,Jaccard,0.15,50,0.72,0.72,0.0026387158249651836
Amherst41,Jaccard,0.15,100,0.68,0.68,0.004984241002712013
Amherst41,Jaccard,0.15,150,0.7333333333333333,0.7333333333333333,0.008062742798504727
Amherst41,Jaccard,0.15,200,0.71,0.71,0.010408267976251558
Amherst41,Jaccard,0.15,250,0.7,0.7,0.012827090815802977
Amherst41,Jaccard,0.15,300,0.69,0.69,0.015172615993549805
Amherst41,Jaccard,0.15,350,0.7028571428571428,0.7028571428571428,0.018031224803928755
Amherst41,Jaccard,0.15,400,0.685,0.685,0.02008355933445723
Amherst41,Jaccard,0.2,50,0.76,0.76,0.0020889450827332196
Amherst41,Jaccard,0.2,100,0.76,0.76,0.004177890165466439
Amherst41,Jaccard,0.2,150,0.7533333333333333,0.7533333333333333,0.006211863009180364
Amherst41,Jaccard,0.2,200,0.75,0.75,0.008245835852894288
Amherst41,Jaccard,0.2,250,0.748,0.748,0.010279808696608213
Amherst41,Jaccard,0.2,300,0.7666666666666667,0.7666666666666667,0.012643614974437908
Amherst41,Jaccard,0.2,350,0.7628571428571429,0.7628571428571429,0.014677587818151833
Amherst41,Jaccard,0.2,400,0.7525,0.7525,0.01654664394480787
Amherst41,AdamicAdar,0.05,50,0.64,0.64,0.007036059806508356
Amherst41,AdamicAdar,0.05,100,0.54,0.54,0.011873350923482849
Amherst41,AdamicAdar,0.05,150,0.4533333333333333,0.4533333333333333,0.014951627088830254
Amherst41,AdamicAdar,0.05,200,0.395,0.395,0.0173702726473175
Amherst41,AdamicAdar,0.05,250,0.368,0.368,0.020228671943711522
Amherst41,AdamicAdar,0.05,300,0.35,0.35,0.02308707124010554
Amherst41,AdamicAdar,0.05,350,0.36857142857142855,0.36857142857142855,0.02836411609498681
Amherst41,AdamicAdar,0.05,400,0.3575,0.3575,0.03144239226033421
Amherst41,AdamicAdar,0.1,50,0.68,0.68,0.003738317757009346
Amherst41,AdamicAdar,0.1,100,0.69,0.69,0.0075865860362836724
Amherst41,AdamicAdar,0.1,150,0.6466666666666666,0.6466666666666666,0.010665200659703134
Amherst41,AdamicAdar,0.1,200,0.6,0.6,0.013194062671797692
Amherst41,AdamicAdar,0.1,250,0.576,0.576,0.01583287520615723
Amherst41,AdamicAdar,0.1,300,0.55,0.55,0.018141836173721827
Amherst41,AdamicAdar,0.1,350,0.5257142857142857,0.5257142857142857,0.02023089609675646
Amherst41,AdamicAdar,0.1,400,0.52,0.52,0.022869708631116
Amherst41,AdamicAdar,0.15,50,0.86,0.86,0.0031517994575973028
Amherst41,AdamicAdar,0.15,100,0.79,0.79,0.005790515282562486
Amherst41,AdamicAdar,0.15,150,0.72,0.72,0.00791614747489555
Amherst41,AdamicAdar,0.15,200,0.685,0.685,0.010041779667228615
Amherst41,AdamicAdar,0.15,250,0.668,0.668,0.012240709521366269
Amherst41,AdamicAdar,0.15,300,0.6566666666666666,0.6566666666666666,0.014439639375503922
Amherst41,AdamicAdar,0.15,350,0.64,0.64,0.016418676244227808
Amherst41,AdamicAdar,0.15,400,0.63,0.63,0.018471010774756286
Amherst41,AdamicAdar,0.2,50,0.86,0.86,0.002363806277829696
Amherst41,AdamicAdar,0.2,100,0.81,0.81,0.004452751360562916
Amherst41,AdamicAdar,0.2,150,0.7733333333333333,0.7733333333333333,0.00637677972623825
Amherst41,AdamicAdar,0.2,200,0.77,0.77,0.008465724808971469
Amherst41,AdamicAdar,0.2,250,0.744,0.744,0.010224836457588917
Amherst41,AdamicAdar,0.2,300,0.7433333333333333,0.7433333333333333,0.012258809301302843
Amherst41,AdamicAdar,0.2,350,0.7285714285714285,0.7285714285714285,0.01401792094992029
Amherst41,AdamicAdar,0.2,400,0.7225,0.7225,0.01588697707657633
Bowdoin47,CommonNeighbors,0.05,50,0.56,0.56,0.006636643754444181
Bowdoin47,CommonNeighbors,0.05,100,0.49,0.49,0.011614126570277317
Bowdoin47,CommonNeighbors,0.05,150,0.4266666666666667,0.4266666666666667,0.015169471438729557
Bowdoin47,CommonNeighbors,0.05,200,0.42,0.42,0.019909931263332542
Bowdoin47,CommonNeighbors,0.05,250,0.376,0.376,0.022280161175634035
Bowdoin47,CommonNeighbors,0.05,300,0.35,0.35,0.024887414079165678
Bowdoin47,CommonNeighbors,0.05,350,0.33714285714285713,0.33714285714285713,0.02796871296515762
Bowdoin47,CommonNeighbors,0.05,400,0.33,0.33,0.03128703484237971
Bowdoin47,CommonNeighbors,0.1,50,0.66,0.66,0.0039104159260575895
Bowdoin47,CommonNeighbors,0.1,100,0.68,0.68,0.00805782675672473
Bowdoin47,CommonNeighbors,0.1,150,0.66,0.66,0.01173124777817277
Bowdoin47,CommonNeighbors,0.1,200,0.625,0.625,0.01481218153809693
Bowdoin47,CommonNeighbors,0.1,250,0.592,0.592,0.017537622941106765
Bowdoin47,CommonNeighbors,0.1,300,0.56,0.56,0.019907571987202274
Bowdoin47,CommonNeighbors,0.1,350,0.54,0.54,0.02239601848560256
Bowdoin47,CommonNeighbors,0.1,400,0.505,0.505,0.02393648536556464
Bowdoin47,CommonNeighbors,0.15,50,0.8,0.8,0.0031600568810238585
Bowdoin47,CommonNeighbors,0.15,100,0.78,0.78,0.006162110917996524
Bowdoin47,CommonNeighbors,0.15,150,0.74,0.74,0.008769157844841207
Bowdoin47,CommonNeighbors,0.15,200,0.73,0.73,0.011534207615737084
Bowdoin47,CommonNeighbors,0.15,250,0.716,0.716,0.014141254542581767
Bowdoin47,CommonNeighbors,0.15,300,0.6833333333333333,0.6833333333333333,0.016195291515247276
Bowdoin47,CommonNeighbors,0.15,350,0.6457142857142857,0.6457142857142857,0.0178543213777848
Bowdoin47,CommonNeighbors,0.15,400,0.63,0.63,0.01990835835045031
Bowdoin47,CommonNeighbors,0.2,50,0.86,0.86,0.00254784618119334
Bowdoin47,CommonNeighbors,0.2,100,0.83,0.83,0.004917935652070866
Bowdoin47,CommonNeighbors,0.2,150,0.7866666666666666,0.7866666666666666,0.006991763939088701
Bowdoin47,CommonNeighbors,0.2,200,0.765,0.765,0.009065592226106535
Bowdoin47,CommonNeighbors,0.2,250,0.736,0.736,0.010902411566036618
Bowdoin47,CommonNeighbors,0.2,300,0.7266666666666667,0.7266666666666667,0.012916987616282514
Bowdoin47,CommonNeighbors,0.2,350,0.7085714285714285,0.7085714285714285,0.014694554719440658
Bowdoin47,CommonNeighbors,0.2,400,0.6925,0.6925,0.016412869585826866
Bowdoin47,Jaccard,0.05,50,0.38,0.38,0.004503436833372837
Bowdoin47,Jaccard,0.05,100,0.34,0.34,0.008058781701825076
Bowdoin47,Jaccard,0.05,150,0.38,0.38,0.013510310500118512
Bowdoin47,Jaccard,0.05,200,0.405,0.405,0.019198862289642096
Bowdoin47,Jaccard,0.05,250,0.372,0.372,0.02204313818440389
Bowdoin47,Jaccard,0.05,300,0.37,0.37,0.026309552026546574
Bowdoin47,Jaccard,0.05,350,0.3628571428571429,0.3628571428571429,0.030101919886228963
Bowdoin47,Jaccard,0.05,400,0.36,0.36,0.034131310737141506
Bowdoin47,Jaccard,0.1,50,0.58,0.58,0.003436426116838488
Bowdoin47,Jaccard,0.1,100,0.48,0.48,0.005687877710629221
Bowdoin47,Jaccard,0.1,150,0.5333333333333333,0.5333333333333333,0.009479796184382036
Bowdoin47,Jaccard,0.1,200,0.57,0.57,0.0135087095627444
Bowdoin47,Jaccard,0.1,250,0.568,0.568,0.016826638227278114
Bowdoin47,Jaccard,0.1,300,0.5366666666666666,0.5366666666666666,0.019078089821068848
Bowdoin47,Jaccard,0.1,350,0.5342857142857143,0.5342857142857143,0.022159023580993007
Bowdoin47,Jaccard,0.1,400,0.545,0.545,0.025832444602441048
Bowdoin47,Jaccard,0.15,50,0.52,0.52,0.002054036972665508
Bowdoin47,Jaccard,0.15,100,0.56,0.56,0.004424079633433402
Bowdoin47,Jaccard,0.15,150,0.58,0.58,0.006873123716226892
Bowdoin47,Jaccard,0.15,200,0.61,0.61,0.009638173487122767
Bowdoin47,Jaccard,0.15,250,0.648,0.648,0.012798230368146627
Bowdoin47,Jaccard,0.15,300,0.63,0.63,0.014931268762837731
Bowdoin47,Jaccard,0.15,350,0.6342857142857142,0.6342857142857142,0.017538315689682414
Bowdoin47,Jaccard,0.15,400,0.6225,0.6225,0.019671354084373517
Bowdoin47,Jaccard,0.2,50,0.56,0.56,0.0016590626296142678
Bowdoin47,Jaccard,0.2,100,0.54,0.54,0.0031996207856846595
Bowdoin47,Jaccard,0.2,150,0.6133333333333333,0.6133333333333333,0.005451205783018309
Bowdoin47,Jaccard,0.2,200,0.625,0.625,0.007406529596492267
Bowdoin47,Jaccard,0.2,250,0.632,0.632,0.009361853409966226
Bowdoin47,Jaccard,0.2,300,0.64,0.64,0.011376429460212122
Bowdoin47,Jaccard,0.2,350,0.64,0.64,0.013272501036914143
Bowdoin47,Jaccard,0.2,400,0.6225,0.6225,0.014753806956212596
Bowdoin47,AdamicAdar,0.05,50,0.52,0.52,0.006162597771983883
Bowdoin47,AdamicAdar,0.05,100,0.51,0.51,0.012088172552737616
Bowdoin47,AdamicAdar,0.05,150,0.4266666666666667,0.4266666666666667,0.015169471438729557
Bowdoin47,AdamicAdar,0.05,200,0.435,0.435,0.020621000237022992
Bowdoin47,AdamicAdar,0.05,250,0.396,0.396,0.023465276131784785
Bowdoin47,AdamicAdar,0.05,300,0.3566666666666667,0.3566666666666667,0.025361460061625977
Bowdoin47,AdamicAdar,0.05,350,0.33714285714285713,0.33714285714285713,0.02796871296515762
Bowdoin47,AdamicAdar,0.05,400,0.3275,0.3275,0.031050011851149563
Bowdoin47,AdamicAdar,0.1,50,0.68,0.68,0.004028913378362365
Bowdoin47,AdamicAdar,0.1,100,0.68,0.68,0.00805782675672473
Bowdoin47,AdamicAdar,0.1,150,0.66,0.66,0.01173124777817277
Bowdoin47,AdamicAdar,0.1,200,0.64,0.64,0.015167673895011257
Bowdoin47,AdamicAdar,0.1,250,0.628,0.628,0.018604100011849745
Bowdoin47,AdamicAdar,0.1,300,0.5666666666666667,0.5666666666666667,0.020144566891811825
Bowdoin47,AdamicAdar,0.1,350,0.5428571428571428,0.5428571428571428,0.022514515937907334
Bowdoin47,AdamicAdar,0.1,400,0.5075,0.5075,0.024054982817869417
Bowdoin47,AdamicAdar,0.15,50,0.76,0.76,0.0030020540369726655
Bowdoin47,AdamicAdar,0.15,100,0.76,0.76,0.006004108073945331
Bowdoin47,AdamicAdar,0.15,150,0.7466666666666667,0.7466666666666667,0.008848159266866804
Bowdoin47,AdamicAdar,0.15,200,0.725,0.725,0.011455206193711487
Bowdoin47,AdamicAdar,0.15,250,0.728,0.728,0.014378258808658556
Bowdoin47,AdamicAdar,0.15,300,0.6933333333333334,0.6933333333333334,0.016432295781324064
Bowdoin47,AdamicAdar,0.15,350,0.6628571428571428,0.6628571428571428,0.01832832990993838
Bowdoin47,AdamicAdar,0.15,400,0.6375,0.6375,0.020145362616527097
Bowdoin47,AdamicAdar,0.2,50,0.84,0.84,0.002488593944421402
Bowdoin47,AdamicAdar,0.2,100,0.82,0.82,0.004858683415298927
Bowdoin47,AdamicAdar,0.2,150,0.7866666666666666,0.7866666666666666,0.006991763939088701
Bowdoin47,AdamicAdar,0.2,200,0.765,0.765,0.009065592226106535
Bowdoin47,AdamicAdar,0.2,250,0.748,0.748,0.011080168276352432
Bowdoin47,AdamicAdar,0.2,300,0.74,0.74,0.013153996563370267
Bowdoin47,AdamicAdar,0.2,350,0.72,0.72,0.01493156366652841
Bowdoin47,AdamicAdar,0.2,400,0.71,0.71,0.016827635243230433
Wesleyan43,CommonNeighbors,0.05,50,0.7,0.7,0.005070993914807302
Wesleyan43,CommonNeighbors,0.05,100,0.61,0.61,0.008838017965807013
Wesleyan43,CommonNeighbors,0.05,150,0.5466666666666666,0.5466666666666666,0.011880614314691394
Wesleyan43,CommonNeighbors,0.05,200,0.495,0.495,0.014343668501883513
Wesleyan43,CommonNeighbors,0.05,250,0.468,0.468,0.016951608229498694
Wesleyan43,CommonNeighbors,0.05,300,0.45,0.45,0.01955954795711388
Wesleyan43,CommonNeighbors,0.05,350,0.44571428571428573,0.44571428571428573,0.022602144305998263
Wesleyan43,CommonNeighbors,0.05,400,0.42,0.42,0.02434077079107505
Wesleyan43,CommonNeighbors,0.1,50,0.68,0.68,0.0024632326305875536
Wesleyan43,CommonNeighbors,0.1,100,0.66,0.66,0.004781569224081721
Wesleyan43,CommonNeighbors,0.1,150,0.6666666666666666,0.6666666666666666,0.007244801854669275
Wesleyan43,CommonNeighbors,0.1,200,0.665,0.665,0.009635586466710136
Wesleyan43,CommonNeighbors,0.1,250,0.612,0.612,0.01108454683764399
Wesleyan43,CommonNeighbors,0.1,300,0.6,0.6,0.013040643338404694
Wesleyan43,CommonNeighbors,0.1,350,0.5942857142857143,0.5942857142857143,0.015069187857712092
Wesleyan43,CommonNeighbors,0.1,400,0.5925,0.5925,0.01717018039556618
Wesleyan43,CommonNeighbors,0.15,50,0.84,0.84,0.0020284955324800773
Wesleyan43,CommonNeighbors,0.15,100,0.8,0.8,0.003863801014247766
Wesleyan43,CommonNeighbors,0.15,150,0.7866666666666666,0.7866666666666666,0.005699106496015455
Wesleyan43,CommonNeighbors,0.15,200,0.775,0.775,0.007486114465105047
Wesleyan43,CommonNeighbors,0.15,250,0.76,0.76,0.009176527408838444
Wesleyan43,CommonNeighbors,0.15,300,0.7366666666666667,0.7366666666666667,0.010673750301859455
Wesleyan43,CommonNeighbors,0.15,350,0.7171428571428572,0.7171428571428572,0.012122675682202367
Wesleyan43,CommonNeighbors,0.15,400,0.715,0.715,0.013813088625935764
Wesleyan43,CommonNeighbors,0.2,50,0.9,0.9,0.0016300213713913137
Wesleyan43,CommonNeighbors,0.2,100,0.89,0.89,0.0032238200456405986
Wesleyan43,CommonNeighbors,0.2,150,0.8866666666666667,0.8866666666666667,0.004817618719889883
Wesleyan43,CommonNeighbors,0.2,200,0.87,0.87,0.00630274930271308
Wesleyan43,CommonNeighbors,0.2,250,0.876,0.876,0.007932770674104394
Wesleyan43,CommonNeighbors,0.2,300,0.8633333333333333,0.8633333333333333,0.00938167855978556
Wesleyan43,CommonNeighbors,0.2,350,0.8428571428571429,0.8428571428571429,0.010685695656898612
Wesleyan43,CommonNeighbors,0.2,400,0.84,0.84,0.01217082623972181
Wesleyan43,Jaccard,0.05,50,0.58,0.58,0.004201680672268907
Wesleyan43,Jaccard,0.05,100,0.48,0.48,0.006954505940307157
Wesleyan43,Jaccard,0.05,150,0.44,0.44,0.009562445667922342
Wesleyan43,Jaccard,0.05,200,0.44,0.44,0.012749927557229788
Wesleyan43,Jaccard,0.05,250,0.408,0.408,0.014778325123152709
Wesleyan43,Jaccard,0.05,300,0.42,0.42,0.018255578093306288
Wesleyan43,Jaccard,0.05,350,0.39714285714285713,0.39714285714285713,0.020139090118806144
Wesleyan43,Jaccard,0.05,400,0.3875,0.3875,0.022457258765575194
Wesleyan43,Jaccard,0.1,50,0.62,0.62,0.002245888574947475
Wesleyan43,Jaccard,0.1,100,0.65,0.65,0.004709121205535028
Wesleyan43,Jaccard,0.1,150,0.5866666666666667,0.5866666666666667,0.006375425632108962
Wesleyan43,Jaccard,0.1,200,0.61,0.61,0.008838658262696515
Wesleyan43,Jaccard,0.1,250,0.628,0.628,0.011374338911830761
Wesleyan43,Jaccard,0.1,300,0.6433333333333333,0.6433333333333333,0.013982467579511701
Wesleyan43,Jaccard,0.1,350,0.6228571428571429,0.6228571428571429,0.01579366804317902
Wesleyan43,Jaccard,0.1,400,0.6275,0.6275,0.01818445265521988
Wesleyan43,Jaccard,0.15,50,0.58,0.58,0.0014006278676648152
Wesleyan43,Jaccard,0.15,100,0.72,0.72,0.0034774209128229897
Wesleyan43,Jaccard,0.15,150,0.6266666666666667,0.6266666666666667,0.004539966191741125
Wesleyan43,Jaccard,0.15,200,0.655,0.655,0.006326974160830718
Wesleyan43,Jaccard,0.15,250,0.676,0.676,0.008162279642598406
Wesleyan43,Jaccard,0.15,300,0.6766666666666666,0.6766666666666666,0.009804395073653707
Wesleyan43,Jaccard,0.15,350,0.6742857142857143,0.6742857142857143,0.01139821299203091
Wesleyan43,Jaccard,0.15,400,0.6725,0.6725,0.012992030910408113
Wesleyan43,Jaccard,0.2,50,0.6,0.6,0.0010866809142608758
Wesleyan43,Jaccard,0.2,100,0.59,0.59,0.0021371391313797223
Wesleyan43,Jaccard,0.2,150,0.6466666666666666,0.6466666666666666,0.003513601622776832
Wesleyan43,Jaccard,0.2,200,0.66,0.66,0.004781396022747854
Wesleyan43,Jaccard,0.2,250,0.712,0.712,0.006447640091281197
Wesleyan43,Jaccard,0.2,300,0.7166666666666667,0.7166666666666667,0.007787879885536277
Wesleyan43,Jaccard,0.2,350,0.7257142857142858,0.7257142857142858,0.009200565074075415
Wesleyan43,Jaccard,0.2,400,0.7325,0.7325,0.010613250262614555
Wesleyan43,AdamicAdar,0.05,50,0.72,0.72,0.005215879455230368
Wesleyan43,AdamicAdar,0.05,100,0.62,0.62,0.008982903506230079
Wesleyan43,AdamicAdar,0.05,150,0.5533333333333333,0.5533333333333333,0.01202549985511446
Wesleyan43,AdamicAdar,0.05,200,0.51,0.51,0.014778325123152709
Wesleyan43,AdamicAdar,0.05,250,0.492,0.492,0.01782092147203709
Wesleyan43,AdamicAdar,0.05,300,0.46,0.46,0.01999420457838308
Wesleyan43,AdamicAdar,0.05,350,0.46285714285714286,0.46285714285714286,0.023471457548536655
Wesleyan43,AdamicAdar,0.05,400,0.45,0.45,0.02607939727615184
Wesleyan43,AdamicAdar,0.1,50,0.72,0.72,0.002608128667680939
Wesleyan43,AdamicAdar,0.1,100,0.71,0.71,0.005143809316815185
Wesleyan43,AdamicAdar,0.1,150,0.68,0.68,0.00738969789176266
Wesleyan43,AdamicAdar,0.1,200,0.655,0.655,0.00949069042961675
Wesleyan43,AdamicAdar,0.1,250,0.652,0.652,0.011809027023110917
Wesleyan43,AdamicAdar,0.1,300,0.62,0.62,0.013475331449684852
Wesleyan43,AdamicAdar,0.1,350,0.6171428571428571,0.6171428571428571,0.015648772006085634
Wesleyan43,AdamicAdar,0.1,400,0.6175,0.6175,0.01789466058103311
Wesleyan43,AdamicAdar,0.15,50,0.82,0.82,0.0019801980198019802
Wesleyan43,AdamicAdar,0.15,100,0.82,0.82,0.0039603960396039604
Wesleyan43,AdamicAdar,0.15,150,0.8133333333333334,0.8133333333333334,0.0058922965467278435
Wesleyan43,AdamicAdar,0.15,200,0.8,0.8,0.007727602028495532
Wesleyan43,AdamicAdar,0.15,250,0.78,0.78,0.00941801497222893
Wesleyan43,AdamicAdar,0.15,300,0.7566666666666667,0.7566666666666667,0.010963535377928036
Wesleyan43,AdamicAdar,0.15,350,0.7514285714285714,0.7514285714285714,0.01270224583433953
Wesleyan43,AdamicAdar,0.15,400,0.7375,0.7375,0.014247766240038639
Wesleyan43,AdamicAdar,0.2,50,0.88,0.88,0.0015937986742492847
Wesleyan43,AdamicAdar,0.2,100,0.9,0.9,0.0032600427427826274
Wesleyan43,AdamicAdar,0.2,150,0.9066666666666666,0.9066666666666666,0.00492628681131597
Wesleyan43,AdamicAdar,0.2,200,0.89,0.89,0.006447640091281197
Wesleyan43,AdamicAdar,0.2,250,0.88,0.88,0.007968993371246423
Wesleyan43,AdamicAdar,0.2,300,0.86,0.86,0.009345455862643532
Wesleyan43,AdamicAdar,0.2,350,0.8457142857142858,0.8457142857142858,0.010721918354040643
Wesleyan43,AdamicAdar,0.2,400,0.835,0.835,0.012098380845437752
Oberlin44,CommonNeighbors,0.05,50,0.44,0.44,0.004893238434163701
Oberlin44,CommonNeighbors,0.05,100,0.36,0.36,0.00800711743772242
Oberlin44,CommonNeighbors,0.05,150,0.28,0.28,0.009341637010676156
Oberlin44,CommonNeighbors,0.05,200,0.285,0.285,0.012677935943060499
Oberlin44,CommonNeighbors,0.05,250,0.26,0.26,0.01445729537366548
Oberlin44,CommonNeighbors,0.05,300,0.24333333333333335,0.24333333333333335,0.016236654804270462
Oberlin44,CommonNeighbors,0.05,350,0.2257142857142857,0.2257142857142857,0.017571174377224198
Oberlin44,CommonNeighbors,0.05,400,0.225,0.225,0.02001779359430605
Oberlin44,CommonNeighbors,0.1,50,0.66,0.66,0.003670337003670337
Oberlin44,CommonNeighbors,0.1,100,0.59,0.59,0.0065621176732287845
Oberlin44,CommonNeighbors,0.1,150,0.54,0.54,0.009009009009009009
Oberlin44,CommonNeighbors,0.1,200,0.495,0.495,0.011011011011011011
Oberlin44,CommonNeighbors,0.1,250,0.468,0.468,0.013013013013013013
Oberlin44,CommonNeighbors,0.1,300,0.44,0.44,0.014681348014681348
Oberlin44,CommonNeighbors,0.1,350,0.44571428571428573,0.44571428571428573,0.017350684017350685
Oberlin44,CommonNeighbors,0.1,400,0.4375,0.4375,0.01946390835279724
Oberlin44,CommonNeighbors,0.15,50,0.74,0.74,0.002743382516497368
Oberlin44,CommonNeighbors,0.15,100,0.72,0.72,0.00533847408615704
Oberlin44,CommonNeighbors,0.15,150,0.6866666666666666,0.6866666666666666,0.007636983762141321
Oberlin44,CommonNeighbors,0.15,200,0.655,0.655,0.00971305701786906
Oberlin44,CommonNeighbors,0.15,250,0.632,0.632,0.01171498480017795
Oberlin44,CommonNeighbors,0.15,300,0.6233333333333333,0.6233333333333333,0.013865203529324535
Oberlin44,CommonNeighbors,0.15,350,0.5942857142857143,0.5942857142857143,0.015422258471120338
Oberlin44,CommonNeighbors,0.15,400,0.5775,0.5775,0.017127604359753835
Oberlin44,CommonNeighbors,0.2,50,0.9,0.9,0.0025025025025025025
Oberlin44,CommonNeighbors,0.2,100,0.79,0.79,0.004393282171059948
Oberlin44,CommonNeighbors,0.2,150,0.7266666666666667,0.7266666666666667,0.006061617172728284
Oberlin44,CommonNeighbors,0.2,200,0.71,0.71,0.007896785674563452
Oberlin44,CommonNeighbors,0.2,250,0.704,0.704,0.009787565343120898
Oberlin44,CommonNeighbors,0.2,300,0.6766666666666666,0.6766666666666666,0.0112890668446224
Oberlin44,CommonNeighbors,0.2,350,0.68,0.68,0.013235457679902125
Oberlin44,CommonNeighbors,0.2,400,0.67,0.67,0.014903792681570459
Oberlin44,Jaccard,0.05,50,0.14,0.14,0.0015569395017793594
Oberlin44,Jaccard,0.05,100,0.31,0.31,0.006895017793594306
Oberlin44,Jaccard,0.05,150,0.26666666666666666,0.26666666666666666,0.008896797153024912
Oberlin44,Jaccard,0.05,200,0.26,0.26,0.011565836298932384
Oberlin44,Jaccard,0.05,250,0.284,0.284,0.01579181494661922
Oberlin44,Jaccard,0.05,300,0.29,0.29,0.01935053380782918
Oberlin44,Jaccard,0.05,350,0.2914285714285714,0.2914285714285714,0.022686832740213523
Oberlin44,Jaccard,0.05,400,0.2975,0.2975,0.026467971530249112
Oberlin44,Jaccard,0.1,50,0.34,0.34,0.0018907796685574464
Oberlin44,Jaccard,0.1,100,0.41,0.41,0.0045601156712267825
Oberlin44,Jaccard,0.1,150,0.38,0.38,0.006339673006339673
Oberlin44,Jaccard,0.1,200,0.425,0.425,0.009453898342787231
Oberlin44,Jaccard,0.1,250,0.436,0.436,0.012123234345456568
Oberlin44,Jaccard,0.1,300,0.43333333333333335,0.43333333333333335,0.014458903347792236
Oberlin44,Jaccard,0.1,350,0.43142857142857144,0.43142857142857144,0.016794572350127907
Oberlin44,Jaccard,0.1,400,0.4425,0.4425,0.019686353019686353
Oberlin44,Jaccard,0.15,50,0.44,0.44,0.001631200415214651
Oberlin44,Jaccard,0.15,100,0.45,0.45,0.00333654630384815
Oberlin44,Jaccard,0.15,150,0.4666666666666667,0.4666666666666667,0.005190183139319344
Oberlin44,Jaccard,0.15,200,0.505,0.505,0.007488692815303626
Oberlin44,Jaccard,0.15,250,0.524,0.524,0.00971305701786906
Oberlin44,Jaccard,0.15,300,0.5166666666666667,0.5166666666666667,0.011492548379921405
Oberlin44,Jaccard,0.15,350,0.5,0.5,0.012975457848298361
Oberlin44,Jaccard,0.15,400,0.5225,0.5225,0.015496403944539185
Oberlin44,Jaccard,0.2,50,0.42,0.42,0.0011678345011678344
Oberlin44,Jaccard,0.2,100,0.45,0.45,0.0025025025025025025
Oberlin44,Jaccard,0.2,150,0.5133333333333333,0.5133333333333333,0.004282059837615393
Oberlin44,Jaccard,0.2,200,0.53,0.53,0.005894783672561451
Oberlin44,Jaccard,0.2,250,0.548,0.548,0.0076187298409520635
Oberlin44,Jaccard,0.2,300,0.5566666666666666,0.5566666666666666,0.009287064842620398
Oberlin44,Jaccard,0.2,350,0.5685714285714286,0.5685714285714286,0.011066622177733288
Oberlin44,Jaccard,0.2,400,0.565,0.565,0.01256812367923479
Oberlin44,AdamicAdar,0.05,50,0.46,0.46,0.005115658362989324
Oberlin44,AdamicAdar,0.05,100,0.37,0.37,0.008229537366548042
Oberlin44,AdamicAdar,0.05,150,0.32,0.32,0.010676156583629894
Oberlin44,AdamicAdar,0.05,200,0.305,0.305,0.013567615658362989
Oberlin44,AdamicAdar,0.05,250,0.276,0.276,0.01534697508896797
Oberlin44,AdamicAdar,0.05,300,0.25,0.25,0.016681494661921707
Oberlin44,AdamicAdar,0.05,350,0.2342857142857143,0.2342857142857143,0.018238434163701068
Oberlin44,AdamicAdar,0.05,400,0.235,0.235,0.02090747330960854
Oberlin44,AdamicAdar,0.1,50,0.72,0.72,0.004004004004004004
Oberlin44,AdamicAdar,0.1,100,0.62,0.62,0.006895784673562452
Oberlin44,AdamicAdar,0.1,150,0.56,0.56,0.009342676009342675
Oberlin44,AdamicAdar,0.1,200,0.54,0.54,0.012012012012012012
Oberlin44,AdamicAdar,0.1,250,0.488,0.488,0.013569124680235791
Oberlin44,AdamicAdar,0.1,300,0.47333333333333333,0.47333333333333333,0.015793571349126904
Oberlin44,AdamicAdar,0.1,350,0.4685714285714286,0.4685714285714286,0.01824046268490713
Oberlin44,AdamicAdar,0.1,400,0.4675,0.4675,0.02079857635413191
Oberlin44,AdamicAdar,0.15,50,0.76,0.76,0.0028175279899162156
Oberlin44,AdamicAdar,0.15,100,0.76,0.76,0.005635055979832431
Oberlin44,AdamicAdar,0.15,150,0.7133333333333334,0.7133333333333334,0.007933565655816712
Oberlin44,AdamicAdar,0.15,200,0.67,0.67,0.009935493438125602
Oberlin44,AdamicAdar,0.15,250,0.656,0.656,0.012159857640691036
Oberlin44,AdamicAdar,0.15,300,0.6466666666666666,0.6466666666666666,0.014384221843256469
Oberlin44,AdamicAdar,0.15,350,0.6257142857142857,0.6257142857142857,0.016237858678727665
Oberlin44,AdamicAdar,0.15,400,0.5925,0.5925,0.017572477200266924
Oberlin44,AdamicAdar,0.2,50,0.9,0.9,0.0025025025025025025
Oberlin44,AdamicAdar,0.2,100,0.82,0.82,0.0045601156712267825
Oberlin44,AdamicAdar,0.2,150,0.74,0.74,0.006172839506172839
Oberlin44,AdamicAdar,0.2,200,0.745,0.745,0.008286063841619397
Oberlin44,AdamicAdar,0.2,250,0.708,0.708,0.009843176509843177
Oberlin44,AdamicAdar,0.2,300,0.6833333333333333,0.6833333333333333,0.011400289178066956
Oberlin44,AdamicAdar,0.2,350,0.6828571428571428,0.6828571428571428,0.013291068846624402
Oberlin44,AdamicAdar,0.2,400,0.685,0.685,0.015237459681904127
Smith60,CommonNeighbors,0.05,50,0.68,0.68,0.007000205888408483
Smith60,CommonNeighbors,0.05,100,0.62,0.62,0.01276508132592135
Smith60,CommonNeighbors,0.05,150,0.56,0.56,0.017294626312538603
Smith60,CommonNeighbors,0.05,200,0.55,0.55,0.022647724933086266
Smith60,CommonNeighbors,0.05,250,0.524,0.524,0.02697138151122092
Smith60,CommonNeighbors,0.05,300,0.51,0.51,0.03150092649783817
Smith60,CommonNeighbors,0.05,350,0.49142857142857144,0.49142857142857144,0.03541280625900762
Smith60,CommonNeighbors,0.05,400,0.485,0.485,0.03994235124562487
Smith60,CommonNeighbors,0.1,50,0.84,0.84,0.004324101719345208
Smith60,CommonNeighbors,0.1,100,0.81,0.81,0.008339339030165756
Smith60,CommonNeighbors,0.1,150,0.78,0.78,0.01204571193246165
Smith60,CommonNeighbors,0.1,200,0.725,0.725,0.01492844641202512
Smith60,CommonNeighbors,0.1,250,0.712,0.712,0.018325954905796357
Smith60,CommonNeighbors,0.1,300,0.6966666666666667,0.6966666666666667,0.021517553793884484
Smith60,CommonNeighbors,0.1,350,0.6742857142857143,0.6742857142857143,0.024297333470606405
Smith60,CommonNeighbors,0.1,400,0.665,0.665,0.02738597755585298
Smith60,CommonNeighbors,0.15,50,0.88,0.88,0.0030199039121482497
Smith60,CommonNeighbors,0.15,100,0.9,0.9,0.0061770761839396015
Smith60,CommonNeighbors,0.15,150,0.88,0.88,0.009059711736444749
Smith60,CommonNeighbors,0.15,200,0.865,0.865,0.011873713109128346
Smith60,CommonNeighbors,0.15,250,0.844,0.844,0.01448181194234729
Smith60,CommonNeighbors,0.15,300,0.8366666666666667,0.8366666666666667,0.017227179135209335
Smith60,CommonNeighbors,0.15,350,0.8285714285714286,0.8285714285714286,0.01990391214824983
Smith60,CommonNeighbors,0.15,400,0.8175,0.8175,0.022443376801647222
Smith60,CommonNeighbors,0.2,50,0.96,0.96,0.0024707880784475213
Smith60,CommonNeighbors,0.2,100,0.93,0.93,0.004787151901992073
Smith60,CommonNeighbors,0.2,150,0.9,0.9,0.0069490914706336546
Smith60,CommonNeighbors,0.2,200,0.9,0.9,0.009265455294178205
Smith60,CommonNeighbors,0.2,250,0.876,0.876,0.011272970607916816
Smith60,CommonNeighbors,0.2,300,0.8733333333333333,0.8733333333333333,0.013486384928192721
Smith60,CommonNeighbors,0.2,350,0.8571428571428571,0.8571428571428571,0.015442425490297009
Smith60,CommonNeighbors,0.2,400,0.8575,0.8575,0.017655839810572914
Smith60,Jaccard,0.05,50,0.38,0.38,0.003911879761169446
Smith60,Jaccard,0.05,100,0.32,0.32,0.006588429071443277
Smith60,Jaccard,0.05,150,0.3466666666666667,0.3466666666666667,0.010706197241095327
Smith60,Jaccard,0.05,200,0.285,0.285,0.01173563928350834
Smith60,Jaccard,0.05,250,0.292,0.292,0.015029853819229977
Smith60,Jaccard,0.05,300,0.29333333333333333,0.29333333333333333,0.018118179946469012
Smith60,Jaccard,0.05,350,0.2857142857142857,0.2857142857142857,0.020588840848260244
Smith60,Jaccard,0.05,400,0.2875,0.2875,0.023677166975499278
Smith60,Jaccard,0.1,50,0.48,0.48,0.0024709152681972615
Smith60,Jaccard,0.1,100,0.51,0.51,0.00525069494491918
Smith60,Jaccard,0.1,150,0.4866666666666667,0.4866666666666667,0.007515700607433336
Smith60,Jaccard,0.1,200,0.425,0.425,0.008751158241531968
Smith60,Jaccard,0.1,250,0.436,0.436,0.011222073509729228
Smith60,Jaccard,0.1,300,0.44333333333333336,0.44333333333333336,0.01369298877792649
Smith60,Jaccard,0.1,350,0.4342857142857143,0.4342857142857143,0.015649130031915988
Smith60,Jaccard,0.1,400,0.445,0.445,0.018325954905796357
Smith60,Jaccard,0.15,50,0.5,0.5,0.0017158544955387784
Smith60,Jaccard,0.15,100,0.49,0.49,0.0033630748112560057
Smith60,Jaccard,0.15,150,0.46,0.46,0.004735758407687028
Smith60,Jaccard,0.15,200,0.495,0.495,0.006794783802333562
Smith60,Jaccard,0.15,250,0.508,0.508,0.008716540837336993
Smith60,Jaccard,0.15,300,0.5166666666666667,0.5166666666666667,0.010638297872340425
Smith60,Jaccard,0.15,350,0.5342857142857143,0.5342857142857143,0.012834591626630061
Smith60,Jaccard,0.15,400,0.525,0.525,0.014413177762525738
Smith60,Jaccard,0.2,50,0.52,0.52,0.0013383435424924074
Smith60,Jaccard,0.2,100,0.55,0.55,0.002831111339887785
Smith60,Jaccard,0.2,150,0.5,0.5,0.003860606372574252
Smith60,Jaccard,0.2,200,0.55,0.55,0.00566222267977557
Smith60,Jaccard,0.2,250,0.544,0.544,0.007000566222267977
Smith60,Jaccard,0.2,300,0.5533333333333333,0.5533333333333333,0.008544808771297678
Smith60,Jaccard,0.2,350,0.56,0.56,0.010089051320327379
Smith60,Jaccard,0.2,400,0.5575,0.5575,0.01147886961445411
Smith60,AdamicAdar,0.05,50,0.68,0.68,0.007000205888408483
Smith60,AdamicAdar,0.05,100,0.61,0.61,0.012559192917438749
Smith60,AdamicAdar,0.05,150,0.6,0.6,0.01852995676343422
Smith60,AdamicAdar,0.05,200,0.59,0.59,0.024294832200947088
Smith60,AdamicAdar,0.05,250,0.56,0.56,0.02882437718756434
Smith60,AdamicAdar,0.05,300,0.56,0.56,0.034589252625077206
Smith60,AdamicAdar,0.05,350,0.5542857142857143,0.5542857142857143,0.03994235124562487
Smith60,AdamicAdar,0.05,400,0.5525,0.5525,0.045501338274655134
Smith60,AdamicAdar,0.1,50,0.84,0.84,0.004324101719345208
Smith60,AdamicAdar,0.1,100,0.8,0.8,0.008236384227324204
Smith60,AdamicAdar,0.1,150,0.78,0.78,0.01204571193246165
Smith60,AdamicAdar,0.1,200,0.77,0.77,0.015855039637599093
Smith60,AdamicAdar,0.1,250,0.748,0.748,0.01925254813137033
Smith60,AdamicAdar,0.1,300,0.7233333333333334,0.7233333333333334,0.022341192216616904
Smith60,AdamicAdar,0.1,350,0.7114285714285714,0.7114285714285714,0.025635745907546588
Smith60,AdamicAdar,0.1,400,0.7125,0.7125,0.029342118809842478
Smith60,AdamicAdar,0.15,50,0.9,0.9,0.0030885380919698007
Smith60,AdamicAdar,0.15,100,0.9,0.9,0.0061770761839396015
Smith60,AdamicAdar,0.15,150,0.8866666666666667,0.8866666666666667,0.0091283459162663
Smith60,AdamicAdar,0.15,200,0.87,0.87,0.011942347288949898
Smith60,AdamicAdar,0.15,250,0.864,0.864,0.014824982841455045
Smith60,AdamicAdar,0.15,300,0.87,0.87,0.017913520933424847
Smith60,AdamicAdar,0.15,350,0.8542857142857143,0.8542857142857143,0.020521619766643788
Smith60,AdamicAdar,0.15,400,0.8375,0.8375,0.02299245024021963
Smith60,AdamicAdar,0.2,50,0.88,0.88,0.002264889071910228
Smith60,AdamicAdar,0.2,100,0.87,0.87,0.004478303392186133
Smith60,AdamicAdar,0.2,150,0.8866666666666667,0.8866666666666667,0.006846141967365008
Smith60,AdamicAdar,0.2,200,0.885,0.885,0.009111031039275236
Smith60,AdamicAdar,0.2,250,0.876,0.876,0.011272970607916816
Smith60,AdamicAdar,0.2,300,0.8733333333333333,0.8733333333333333,0.013486384928192721
Smith60,AdamicAdar,0.2,350,0.88,0.88,0.015854223503371595
Smith60,AdamicAdar,0.2,400,0.875,0.875,0.01801616307201318
Hamilton46,CommonNeighbors,0.05,50,0.44,0.44,0.004564315352697096
Hamilton46,CommonNeighbors,0.05,100,0.38,0.38,0.007883817427385892
Hamilton46,CommonNeighbors,0.05,150,0.35333333333333333,0.35333333333333333,0.01099585062240664
Hamilton46,CommonNeighbors,0.05,200,0.33,0.33,0.013692946058091286
Hamilton46,CommonNeighbors,0.05,250,0.304,0.304,0.015767634854771784
Hamilton46,CommonNeighbors,0.05,300,0.29,0.29,0.01804979253112033
Hamilton46,CommonNeighbors,0.05,350,0.2714285714285714,0.2714285714285714,0.01970954356846473
Hamilton46,CommonNeighbors,0.05,400,0.2725,0.2725,0.022614107883817427
Hamilton46,CommonNeighbors,0.1,50,0.66,0.66,0.0034235916588857764
Hamilton46,CommonNeighbors,0.1,100,0.59,0.59,0.006120966905280631
Hamilton46,CommonNeighbors,0.1,150,0.5733333333333334,0.5733333333333334,0.008922087353459902
Hamilton46,CommonNeighbors,0.1,200,0.52,0.52,0.010789500985579417
Hamilton46,CommonNeighbors,0.1,250,0.496,0.496,0.012864405021267766
Hamilton46,CommonNeighbors,0.1,300,0.49333333333333335,0.49333333333333335,0.015354289864093786
Hamilton46,CommonNeighbors,0.1,350,0.4714285714285714,0.4714285714285714,0.017117958294428883
Hamilton46,CommonNeighbors,0.1,400,0.4525,0.4525,0.018777881522979562
Hamilton46,CommonNeighbors,0.15,50,0.68,0.68,0.0023514765889757244
Hamilton46,CommonNeighbors,0.15,100,0.63,0.63,0.004357147797219725
Hamilton46,CommonNeighbors,0.15,150,0.6333333333333333,0.6333333333333333,0.006570302233902759
Hamilton46,CommonNeighbors,0.15,200,0.62,0.62,0.008575973442146759
Hamilton46,CommonNeighbors,0.15,250,0.6,0.6,0.010374161421951725
Hamilton46,CommonNeighbors,0.15,300,0.6033333333333334,0.6033333333333334,0.012518154782488416
Hamilton46,CommonNeighbors,0.15,350,0.5971428571428572,0.5971428571428572,0.01445466491458607
Hamilton46,CommonNeighbors,0.15,400,0.585,0.585,0.01618369181824469
Hamilton46,CommonNeighbors,0.2,50,0.68,0.68,0.0017635769490118782
Hamilton46,CommonNeighbors,0.2,100,0.74,0.74,0.003838373359614088
Hamilton46,CommonNeighbors,0.2,150,0.7,0.7,0.005446340577830801
Hamilton46,CommonNeighbors,0.2,200,0.695,0.695,0.007209917526842679
Hamilton46,CommonNeighbors,0.2,250,0.704,0.704,0.009129104206649722
Hamilton46,CommonNeighbors,0.2,300,0.68,0.68,0.01058146169407127
Hamilton46,CommonNeighbors,0.2,350,0.6685714285714286,0.6685714285714286,0.012137559002022926
Hamilton46,CommonNeighbors,0.2,400,0.67,0.67,0.013901135951034805
Hamilton46,Jaccard,0.05,50,0.52,0.52,0.0053941908713692945
Hamilton46,Jaccard,0.05,100,0.45,0.45,0.00933609958506224
Hamilton46,Jaccard,0.05,150,0.4266666666666667,0.4266666666666667,0.013278008298755186
Hamilton46,Jaccard,0.05,200,0.395,0.395,0.016390041493775934
Hamilton46,Jaccard,0.05,250,0.384,0.384,0.01991701244813278
Hamilton46,Jaccard,0.05,300,0.38,0.38,0.023651452282157676
Hamilton46,Jaccard,0.05,350,0.3628571428571429,0.3628571428571429,0.026348547717842324
Hamilton46,Jaccard,0.05,400,0.35,0.35,0.029045643153526972
Hamilton46,Jaccard,0.1,50,0.64,0.64,0.003319846457101359
Hamilton46,Jaccard,0.1,100,0.62,0.62,0.006432202510633883
Hamilton46,Jaccard,0.1,150,0.58,0.58,0.00902583255524432
Hamilton46,Jaccard,0.1,200,0.58,0.58,0.012034443406992426
Hamilton46,Jaccard,0.1,250,0.556,0.556,0.014420583048034029
Hamilton46,Jaccard,0.1,300,0.5733333333333334,0.5733333333333334,0.017844174706919805
Hamilton46,Jaccard,0.1,350,0.5542857142857143,0.5542857142857143,0.020126569146176988
Hamilton46,Jaccard,0.1,400,0.53,0.53,0.021993982778296502
Hamilton46,Jaccard,0.15,50,0.76,0.76,0.002628120893561104
Hamilton46,Jaccard,0.15,100,0.66,0.66,0.004564631025658759
Hamilton46,Jaccard,0.15,150,0.6866666666666666,0.6866666666666666,0.007123590843073518
Hamilton46,Jaccard,0.15,200,0.68,0.68,0.009405906355902898
Hamilton46,Jaccard,0.15,250,0.668,0.668,0.011549899716439587
Hamilton46,Jaccard,0.15,300,0.64,0.64,0.013278926620098209
Hamilton46,Jaccard,0.15,350,0.6371428571428571,0.6371428571428571,0.015422919980634898
Hamilton46,Jaccard,0.15,400,0.6275,0.6275,0.017359430112732555
Hamilton46,Jaccard,0.2,50,0.84,0.84,0.0021785362311323203
Hamilton46,Jaccard,0.2,100,0.75,0.75,0.003890243269879143
Hamilton46,Jaccard,0.2,150,0.7666666666666667,0.7666666666666667,0.005965039680481353
Hamilton46,Jaccard,0.2,200,0.775,0.775,0.008039836091083562
Hamilton46,Jaccard,0.2,250,0.76,0.76,0.009855282950360495
Hamilton46,Jaccard,0.2,300,0.7566666666666667,0.7566666666666667,0.01177446963016754
Hamilton46,Jaccard,0.2,350,0.7428571428571429,0.7428571428571429,0.013486176668914362
Hamilton46,Jaccard,0.2,400,0.7175,0.7175,0.014886664246070854
Hamilton46,AdamicAdar,0.05,50,0.5,0.5,0.005186721991701245
Hamilton46,AdamicAdar,0.05,100,0.42,0.42,0.008713692946058092
Hamilton46,AdamicAdar,0.05,150,0.3466666666666667,0.3466666666666667,0.010788381742738589
Hamilton46,AdamicAdar,0.05,200,0.365,0.365,0.015145228215767635
Hamilton46,AdamicAdar,0.05,250,0.324,0.324,0.016804979253112032
Hamilton46,AdamicAdar,0.05,300,0.30333333333333334,0.30333333333333334,0.01887966804979253
Hamilton46,AdamicAdar,0.05,350,0.29428571428571426,0.29428571428571426,0.02136929460580913
Hamilton46,AdamicAdar,0.05,400,0.295,0.295,0.024481327800829875
Hamilton46,AdamicAdar,0.1,50,0.68,0.68,0.003527336860670194
Hamilton46,AdamicAdar,0.1,100,0.63,0.63,0.006535947712418301
Hamilton46,AdamicAdar,0.1,150,0.5933333333333334,0.5933333333333334,0.009233322958813154
Hamilton46,AdamicAdar,0.1,200,0.525,0.525,0.010893246187363835
Hamilton46,AdamicAdar,0.1,250,0.496,0.496,0.012864405021267766
Hamilton46,AdamicAdar,0.1,300,0.47333333333333333,0.47333333333333333,0.01473181865338728
Hamilton46,AdamicAdar,0.1,350,0.4714285714285714,0.4714285714285714,0.017117958294428883
Hamilton46,AdamicAdar,0.1,400,0.4575,0.4575,0.018985371926548398
Hamilton46,AdamicAdar,0.15,50,0.7,0.7,0.002420637665122069
Hamilton46,AdamicAdar,0.15,100,0.66,0.66,0.004564631025658759
Hamilton46,AdamicAdar,0.15,150,0.6533333333333333,0.6533333333333333,0.006777785462341794
Hamilton46,AdamicAdar,0.15,200,0.655,0.655,0.009060100975171174
Hamilton46,AdamicAdar,0.15,250,0.612,0.612,0.01058164465039076
Hamilton46,AdamicAdar,0.15,300,0.6033333333333334,0.6033333333333334,0.012518154782488416
Hamilton46,AdamicAdar,0.15,350,0.5971428571428572,0.5971428571428572,0.01445466491458607
Hamilton46,AdamicAdar,0.15,400,0.605,0.605,0.016736980427415452
Hamilton46,AdamicAdar,0.2,50,0.72,0.72,0.0018673167695419887
Hamilton46,AdamicAdar,0.2,100,0.75,0.75,0.003890243269879143
Hamilton46,AdamicAdar,0.2,150,0.7466666666666667,0.7466666666666667,0.005809429949686187
Hamilton46,AdamicAdar,0.2,200,0.725,0.725,0.00752113698843301
Hamilton46,AdamicAdar,0.2,250,0.72,0.72,0.009336583847709943
Hamilton46,AdamicAdar,0.2,300,0.7066666666666667,0.7066666666666667,0.01099642097619171
Hamilton46,AdamicAdar,0.2,350,0.6971428571428572,0.6971428571428572,0.012656258104673478
Hamilton46,AdamicAdar,0.2,400,0.69,0.69,0.014316095233155246
Mich67,CommonNeighbors,0.05,50,0.56,0.56,0.006837606837606838
Mich67,CommonNeighbors,0.05,100,0.49,0.49,0.011965811965811967
Mich67,CommonNeighbors,0.05,150,0.43333333333333335,0.43333333333333335,0.015873015873015872
Mich67,CommonNeighbors,0.05,200,0.415,0.415,0.02026862026862027
Mich67,CommonNeighbors,0.05,250,0.376,0.376,0.022954822954822957
Mich67,CommonNeighbors,0.05,300,0.34,0.34,0.02490842490842491
Mich67,CommonNeighbors,0.05,350,0.33714285714285713,0.33714285714285713,0.028815628815628817
Mich67,CommonNeighbors,0.05,400,0.3275,0.3275,0.03199023199023199
Mich67,CommonNeighbors,0.1,50,0.66,0.66,0.00402930402930403
Mich67,CommonNeighbors,0.1,100,0.67,0.67,0.008180708180708181
Mich67,CommonNeighbors,0.1,150,0.6333333333333333,0.6333333333333333,0.0115995115995116
Mich67,CommonNeighbors,0.1,200,0.565,0.565,0.013797313797313797
Mich67,CommonNeighbors,0.1,250,0.516,0.516,0.01575091575091575
Mich67,CommonNeighbors,0.1,300,0.5,0.5,0.018315018315018316
Mich67,CommonNeighbors,0.1,350,0.5028571428571429,0.5028571428571429,0.02148962148962149
Mich67,CommonNeighbors,0.1,400,0.5025,0.5025,0.02454212454212454
Mich67,CommonNeighbors,0.15,50,0.78,0.78,0.0031746031746031746
Mich67,CommonNeighbors,0.15,100,0.75,0.75,0.006105006105006105
Mich67,CommonNeighbors,0.15,150,0.6866666666666666,0.6866666666666666,0.008384208384208384
Mich67,CommonNeighbors,0.15,200,0.65,0.65,0.010582010582010581
Mich67,CommonNeighbors,0.15,250,0.632,0.632,0.012861212861212862
Mich67,CommonNeighbors,0.15,300,0.6033333333333334,0.6033333333333334,0.014733414733414734
Mich67,CommonNeighbors,0.15,350,0.5828571428571429,0.5828571428571429,0.016605616605616606
Mich67,CommonNeighbors,0.15,400,0.57,0.57,0.01855921855921856
Mich67,CommonNeighbors,0.2,50,0.82,0.82,0.0025030525030525033
Mich67,CommonNeighbors,0.2,100,0.76,0.76,0.00463980463980464
Mich67,CommonNeighbors,0.2,150,0.7666666666666667,0.7666666666666667,0.007020757020757021
Mich67,CommonNeighbors,0.2,200,0.725,0.725,0.008852258852258852
Mich67,CommonNeighbors,0.2,250,0.716,0.716,0.010927960927960927
Mich67,CommonNeighbors,0.2,300,0.71,0.71,0.013003663003663004
Mich67,CommonNeighbors,0.2,350,0.7057142857142857,0.7057142857142857,0.01507936507936508
Mich67,CommonNeighbors,0.2,400,0.685,0.685,0.016727716727716727
Mich67,Jaccard,0.05,50,0.22,0.22,0.002686202686202686
Mich67,Jaccard,0.05,100,0.26,0.26,0.006349206349206349
Mich67,Jaccard,0.05,150,0.31333333333333335,0.31333333333333335,0.011477411477411478
Mich67,Jaccard,0.05,200,0.33,0.33,0.01611721611721612
Mich67,Jaccard,0.05,250,0.328,0.328,0.020024420024420026
Mich67,Jaccard,0.05,300,0.3233333333333333,0.3233333333333333,0.023687423687423687
Mich67,Jaccard,0.05,350,0.32,0.32,0.02735042735042735
Mich67,Jaccard,0.05,400,0.31,0.31,0.03028083028083028
Mich67,Jaccard,0.1,50,0.38,0.38,0.00231990231990232
Mich67,Jaccard,0.1,100,0.43,0.43,0.005250305250305251
Mich67,Jaccard,0.1,150,0.46,0.46,0.008424908424908424
Mich67,Jaccard,0.1,200,0.475,0.475,0.0115995115995116
Mich67,Jaccard,0.1,250,0.488,0.488,0.014896214896214897
Mich67,Jaccard,0.1,300,0.49333333333333335,0.49333333333333335,0.018070818070818073
Mich67,Jaccard,0.1,350,0.47714285714285715,0.47714285714285715,0.02039072039072039
Mich67,Jaccard,0.1,400,0.485,0.485,0.023687423687423687
Mich67,Jaccard,0.15,50,0.36,0.36,0.0014652014652014652
Mich67,Jaccard,0.15,100,0.53,0.53,0.004314204314204314
Mich67,Jaccard,0.15,150,0.5533333333333333,0.5533333333333333,0.006756206756206756
Mich67,Jaccard,0.15,200,0.585,0.585,0.009523809523809525
Mich67,Jaccard,0.15,250,0.588,0.588,0.011965811965811967
Mich67,Jaccard,0.15,300,0.53,0.53,0.012942612942612943
Mich67,Jaccard,0.15,350,0.5314285714285715,0.5314285714285715,0.01514041514041514
Mich67,Jaccard,0.15,400,0.52,0.52,0.016931216931216932
Mich67,Jaccard,0.2,50,0.46,0.46,0.0014041514041514042
Mich67,Jaccard,0.2,100,0.54,0.54,0.0032967032967032967
Mich67,Jaccard,0.2,150,0.5733333333333334,0.5733333333333334,0.005250305250305251
Mich67,Jaccard,0.2,200,0.605,0.605,0.007387057387057387
Mich67,Jaccard,0.2,250,0.548,0.548,0.008363858363858364
Mich67,Jaccard,0.2,300,0.5733333333333334,0.5733333333333334,0.010500610500610501
Mich67,Jaccard,0.2,350,0.6,0.6,0.01282051282051282
Mich67,Jaccard,0.2,400,0.61,0.61,0.014896214896214897
Mich67,AdamicAdar,0.05,50,0.54,0.54,0.006593406593406593
Mich67,AdamicAdar,0.05,100,0.52,0.52,0.012698412698412698
Mich67,AdamicAdar,0.05,150,0.4866666666666667,0.4866666666666667,0.017826617826617826
Mich67,AdamicAdar,0.05,200,0.465,0.465,0.02271062271062271
Mich67,AdamicAdar,0.05,250,0.396,0.396,0.024175824175824177
Mich67,AdamicAdar,0.05,300,0.37333333333333335,0.37333333333333335,0.02735042735042735
Mich67,AdamicAdar,0.05,350,0.36857142857142855,0.36857142857142855,0.0315018315018315
Mich67,AdamicAdar,0.05,400,0.3475,0.3475,0.03394383394383394
Mich67,AdamicAdar,0.1,50,0.68,0.68,0.004151404151404151
Mich67,AdamicAdar,0.1,100,0.68,0.68,0.008302808302808303
Mich67,AdamicAdar,0.1,150,0.64,0.64,0.011721611721611722
Mich67,AdamicAdar,0.1,200,0.57,0.57,0.01391941391941392
Mich67,AdamicAdar,0.1,250,0.54,0.54,0.016483516483516484
Mich67,AdamicAdar,0.1,300,0.5366666666666666,0.5366666666666666,0.019658119658119658
Mich67,AdamicAdar,0.1,350,0.5285714285714286,0.5285714285714286,0.022588522588522588
Mich67,AdamicAdar,0.1,400,0.5225,0.5225,0.02551892551892552
Mich67,AdamicAdar,0.15,50,0.82,0.82,0.0033374033374033375
Mich67,AdamicAdar,0.15,100,0.75,0.75,0.006105006105006105
Mich67,AdamicAdar,0.15,150,0.7333333333333333,0.7333333333333333,0.008954008954008955
Mich67,AdamicAdar,0.15,200,0.675,0.675,0.01098901098901099
Mich67,AdamicAdar,0.15,250,0.672,0.672,0.013675213675213675
Mich67,AdamicAdar,0.15,300,0.6366666666666667,0.6366666666666667,0.015547415547415547
Mich67,AdamicAdar,0.15,350,0.62,0.62,0.017663817663817662
Mich67,AdamicAdar,0.15,400,0.6075,0.6075,0.01978021978021978
Mich67,AdamicAdar,0.2,50,0.84,0.84,0.002564102564102564
Mich67,AdamicAdar,0.2,100,0.81,0.81,0.004945054945054945
Mich67,AdamicAdar,0.2,150,0.7533333333333333,0.7533333333333333,0.0068986568986568984
Mich67,AdamicAdar,0.2,200,0.755,0.755,0.009218559218559219
Mich67,AdamicAdar,0.2,250,0.752,0.752,0.011477411477411478
Mich67,AdamicAdar,0.2,300,0.73,0.73,0.01336996336996337
Mich67,AdamicAdar,0.2,350,0.7285714285714285,0.7285714285714285,0.015567765567765568
Mich67,AdamicAdar,0.2,400,0.725,0.725,0.017704517704517704
